audio,ground_truth,prediction,wer,cer,status,error
common_voice_vi_24358794.mp3,Mày mà chạy nữa tao thề không chơi với mày nữa đâu,mày mà chạy nữa tao thề không chơi với mày nữa đâu,0.0,0.0,ok,
common_voice_vi_24362782.mp3,vì giữa đường không bắt được xe ôm khác,vì giữa đường không bắt được xe ôm khác,0.0,0.0,ok,
common_voice_vi_23936355.mp3,Già làng liền nói,già làng liền nói,0.0,0.0,ok,
common_voice_vi_42788631.mp3,Thu về cho cô không ít tiền bạc mối quan hệ tốt,thú v cho cố không ủỷ tiền bạc mời quan hề tột,0.5833333333333334,0.1702127659574468,ok,
common_voice_vi_30171307.mp3,Và ta tiếp chặng hành trình,và ta tiếp chặng hành trình,0.0,0.0,ok,
common_voice_vi_24425726.mp3,Chinh đứng Tìm máy tính cửa gỗ đang được kéo ra,chinh đứng tìm mái tính cửa gỗ đang được kéo ra,0.09090909090909091,0.02127659574468085,ok,
common_voice_vi_24124158.mp3,Và câu thơ đâu còn mãi ngày sau,và câu thơ đâu còn mãy ngày sau,0.125,0.03225806451612903,ok,
common_voice_vi_24358781.mp3,Trên bầu trời xanh,trên bầu trời xanh,0.0,0.0,ok,
common_voice_vi_24106634.mp3,Khi còn sống con bé yếu kém hơn mọi người,khi còn sống con bé yếu kém hơn mọi người,0.0,0.0,ok,
common_voice_vi_24304405.mp3,Tôi ngậm cái bánh mì nhai ngấu nghiến,tôi ngậm cái bánh mì nhai ngấu nghiến,0.0,0.0,ok,
common_voice_vi_23933072.mp3,Là anh đây chỉ thăm hỏi đôi lời,là anh đây chỉ thăm hỏi đôi lời,0.0,0.0,ok,
common_voice_vi_24304490.mp3,Giai đoạn lãnh đạo,giai đoạn lãnh đạo,0.0,0.0,ok,
common_voice_vi_24144207.mp3,Cao đến ngực người trưởng thành,cao đến ngực người trưởng thành,0.0,0.0,ok,
common_voice_vi_40249427.mp3,Tự nhiên không đâu vào đâu lại sang nói chuyện này,tự nhiên không đâu vào đâu lại sai nói chuyện này,0.09090909090909091,0.04,ok,
common_voice_vi_24363084.mp3,Nó lại khỏe mạnh trở lại,nó lại khỏe mạnh trở lại,0.0,0.0,ok,
common_voice_vi_25158138.mp3,Nơi cậu đã nằm đêm qua,nơi cậu đã nằm đêm qua,0.0,0.0,ok,
common_voice_vi_24362884.mp3,Thì bà ấy cũng không nói lời nào và ra đi như vậy,thì bà ấy cũng không nói lời nào và ra đi như vậy,0.0,0.0,ok,
common_voice_vi_23901409.mp3,Không Tao không muốn,không tao không muốn,0.0,0.0,ok,
common_voice_vi_23380408.mp3,Thấy ánh mặt trời,thấy ánh mặt trời,0.0,0.0,ok,
common_voice_vi_42788758.mp3,Cây cỏ tỉnh táo,cáy cỏ tỉnh táo,0.25,0.06666666666666667,ok,
common_voice_vi_25154491.mp3,Chinh rồi dẫn vào trong phòng,trinh rồi dẫn vào trong phòng,0.16666666666666666,0.06896551724137931,ok,
common_voice_vi_24124246.mp3,Tôi hi vọng gia đình sẽ cùng phối hợp,tôi hi vọng gia đình sẽ cùng phối hợp,0.0,0.0,ok,
common_voice_vi_24976644.mp3,Chẳng hiểu trinh đang nhìn cái gì trên đùi,chẳng hiểu trinh đang nhìn cái gì trênh đuộc,0.2222222222222222,0.09523809523809523,ok,
common_voice_vi_25177597.mp3,Ngày giỗ tao sẽ qua thắp hương cho mày,ngày rỗ tao sẽ qua thắp hưng cho mày,0.2222222222222222,0.07894736842105263,ok,
common_voice_vi_24457611.mp3,Mong con bình an,mong con bình an,0.0,0.0,ok,
common_voice_vi_24122354.mp3,Còn quá ra sẽ rất nguy hiểm,còn quá ra sẽ rất nguy hiểm,0.0,0.0,ok,
common_voice_vi_25117271.mp3,vong hồn con thảo không thể thoát ra để đi siêu sinh,phong hồn con thảo không thể thoát ra để đi siêu sinh,0.08333333333333333,0.038461538461538464,ok,
common_voice_vi_24362796.mp3,Cả vui buồn mọi nỗi,cả vui buồn mọi nỗi,0.0,0.0,ok,
common_voice_vi_25154511.mp3,Rồi Lúc xảy ra chuyện không hay,rồi lúc xảy ra chuyện không hay,0.0,0.0,ok,
common_voice_vi_24318076.mp3,Chỉ có mẹ thôi,chỉ có mẹ thôi,0.0,0.0,ok,
common_voice_vi_24173363.mp3,Già trẻ gái trai ai cũng có mặt,già trẻ gái trai ai cũng có mặt,0.0,0.0,ok,
common_voice_vi_24088120.mp3,Tao với mày chứ làm sao được với nhau,tao với mày chứ làm sao được với nhau,0.0,0.0,ok,
common_voice_vi_24362757.mp3,Đi xuống bên dưới,đi xuống bên dưới,0.0,0.0,ok,
common_voice_vi_23423361.mp3,"Anh vui liền, nhưng bỗng lại buồn ngay",anh vui liền nhưng vỗng lại buồn ngay,0.125,0.02702702702702703,ok,
common_voice_vi_23847794.mp3,Song trai khẽ vẫy tay mặt hớn hở,song trai khẽ vớy tay mặt hớn hở,0.125,0.03125,ok,
common_voice_vi_24388591.mp3,Thì phải tìm thầy giải con ạ,thì phải tìm thầy giải con ạ,0.0,0.0,ok,
common_voice_vi_42788433.mp3,Cuối cùng bố bảo đi không may mắn,buối công bồ bảo nhiên hôm may mắng,0.75,0.3333333333333333,ok,
common_voice_vi_23933047.mp3,"Tên gọi, bí danh, bút danh",tên gọi bí danh bút danh,0.0,0.0,ok,
common_voice_vi_24227474.mp3,bà mời mọi người vào trong nhà,bà mời mọi người vào trong nhà,0.0,0.0,ok,
common_voice_vi_24358704.mp3,tại sao lại như thế,tại sao lại như thế,0.0,0.0,ok,
common_voice_vi_24274642.mp3,Mưa rơi lộp bộp,mưa rơi lộp bộp,0.0,0.0,ok,
common_voice_vi_24304484.mp3,Mới làm lễ kiệu vong lên được,mới làm lễ kiểu vong lên được,0.14285714285714285,0.034482758620689655,ok,
common_voice_vi_23926782.mp3,Dạ Cháu không có ý đó cháu chỉ là,dạ cháu không có ý đó cháu chỉ là,0.0,0.0,ok,
common_voice_vi_42788249.mp3,Với cái thứ ánh sáng yếu ớt của cây đèn dầu,về cái thứ ảnh xáng yều ớp của cát đen dầu,0.6363636363636364,0.20930232558139536,ok,
common_voice_vi_24226656.mp3,Thì Trinh đã hạ quyết tâm phải có bằng được một Kumanthong chính hiệu,thì trinh đã hạ quyết tâm phải có bằng được một kumanthong chính hiệu,0.0,0.0,ok,
common_voice_vi_23406207.mp3,Tiếng chuông đồng hồ quả lắc Vang lên,tiếng chuông đồng hồ quả lắc vang lên,0.0,0.0,ok,
common_voice_vi_22402461.mp3,Nếu thật thế thì tội nghiệp con bé lắm,nếu thực thế thì tội nghiệp con bé lắm,0.1111111111111111,0.05263157894736842,ok,
common_voice_vi_24121452.mp3,Có thể lúc anh chở cô ấy đi đường,có thể lúc anh chở cô ấy đi đường,0.0,0.0,ok,
common_voice_vi_24172449.mp3,Như vậy thì cũng có thể coi đó là điều đáng mừng,như vậy thì cũng có thể coi đó là điều đáng mừng,0.0,0.0,ok,
common_voice_vi_23930691.mp3,Cái miệng nó đang nhe ra cười đỏ lòm,cái miệng nó đang nhe ra cười đỏ lòm,0.0,0.0,ok,
common_voice_vi_24125759.mp3,Ý mày là kìa á,ý mày là kìa á,0.0,0.0,ok,
common_voice_vi_40191838.mp3,Sau tiếng sấm trời bắt đầu đổ mưa rào rào,sau kiến sắm trời bắt đầu đỗ mưa rào rào,0.3,0.0975609756097561,ok,
common_voice_vi_43369690.mp3,Người hay ăn to nói nậy mà sợ đàn bà như cọp,người hay  anh to nói này mà sợ càn bà như còn,0.3333333333333333,0.13636363636363635,ok,
common_voice_vi_42788679.mp3,Cái Thảo nó đi rồi,cái thảo nó đi rồi,0.0,0.0,ok,
common_voice_vi_23901531.mp3,"mất đầu, mất tay",mất đầu mất tay,0.0,0.0,ok,
common_voice_vi_24012741.mp3,Suốt ngày bà ủ rũ bơ đi ra đi vào,suốt ngày bà ủ rủ bơ đi ra đi vào,0.1,0.030303030303030304,ok,
common_voice_vi_25132582.mp3,Đã hơn mười một giờ đêm,đã hơn mười một giờ đêm,0.0,0.0,ok,
common_voice_vi_23926773.mp3,Nhưng mà dường như càng cố lại không thể nghe được,nhưng mà dường như càng cố lại không thể nghe được,0.0,0.0,ok,
common_voice_vi_24304478.mp3,Trinh không tin vào mắt của mình,trinh không tin vào mắt của mình,0.0,0.0,ok,
common_voice_vi_24425764.mp3,Khuôn mặt thơ ngây,khuôn mặt thơ ngây,0.0,0.0,ok,
common_voice_vi_41912736.mp3,Không giấu gì ông,không dấu gì ông,0.25,0.11764705882352941,ok,
common_voice_vi_24122487.mp3,Có tích mới dịch ra tuồng: mọi chuyện đều có nguyên nhân,có tích mới dịch ra tuồng mọi chuyện đều có quyên nhân,0.08333333333333333,0.03636363636363636,ok,
common_voice_vi_38023051.mp3,để cho em học,để chou em học,0.25,0.07692307692307693,ok,
common_voice_vi_25092442.mp3,một trong những người đặt nền móng và lãnh đạo,một trong những người đặt nền móng và lãnh đạo,0.0,0.0,ok,
common_voice_vi_24227689.mp3,Có cái vụ ông này đánh em,có cái vụ ông này đánh em,0.0,0.0,ok,
common_voice_vi_24388631.mp3,Tóc mẹ thêm màu,tóc mẹ thêm màu,0.0,0.0,ok,
common_voice_vi_25092450.mp3,quả nhiên trúng tuyển vào trường Quốc Lập,quả nhiên chúng quyến vào trường quốc lập,0.25,0.0975609756097561,ok,
common_voice_vi_42788402.mp3,Cánh cửa phòng mở ra,cánh cửa phòng mở ra,0.0,0.0,ok,
common_voice_vi_24121649.mp3,Miệng dẻo nhưng vẫn có chút gì đó thật thà,miệng dẽo nhưng vẫn có chúc gì đó thật thà,0.2,0.047619047619047616,ok,
common_voice_vi_23989279.mp3,Anh chị thông cảm cho trẻ con nó dại dột ăn nói linh tinh,anh chị thông cảm cho trẻ con nó dại dột ăn nói linh tinh,0.0,0.0,ok,
common_voice_vi_23930606.mp3,Mà mình trả lời,mà mình trả lời,0.0,0.0,ok,
common_voice_vi_23848879.mp3,Xem thêm,xem thêm,0.0,0.0,ok,
common_voice_vi_23901117.mp3,quả nhiên trúng tuyển vào trường Quốc Lập,quả nhiên trúng tuyển vào trường quốc lập,0.0,0.0,ok,
common_voice_vi_25132228.mp3,Đúng là chúng ta đã đi xem thầy rồi,đúng là chúng ta đã đi xem thầy rồi,0.0,0.0,ok,
common_voice_vi_24280801.mp3,thanh ơi mau dậy đi,thanh ơi mau dậy đi,0.0,0.0,ok,
common_voice_vi_24162234.mp3,cũng như em dấu những điều quá thực...,cũng như em dấu những điều quá thực,0.0,0.0,ok,
common_voice_vi_26424932.mp3,Bạn là một hồn ma giúp người chứ không hại người,bạn là một hôm ba giúp người chứ không hại người,0.18181818181818182,0.0625,ok,
common_voice_vi_24388779.mp3,cũng như kể từ ngày nuôi,cũng như kể từ ngày nuôi,0.0,0.0,ok,
common_voice_vi_24362964.mp3,con chào ba má,con chào ba má,0.0,0.0,ok,
common_voice_vi_24174124.mp3,thế xe của mày để đâu,thế xe của mày để đâu,0.0,0.0,ok,
common_voice_vi_23926914.mp3,nó chính là người khiến cho anh mất tất cả,nó chính là người khiến cho anh mất tất cả,0.0,0.0,ok,
common_voice_vi_24363015.mp3,Bất chợt anh ta ngồi bật dậy và lên tiếng,bất chợt anh ta ngồi bật dậy và lên tiếng,0.0,0.0,ok,
common_voice_vi_24121759.mp3,Không hiểu Trinh đang nói chuyện với ai,không hiểu trinh đang nói chuyện với ai,0.0,0.0,ok,
common_voice_vi_23925146.mp3,Tao sợ quá nên là hét toáng lên,tao sợ quá nên là hét toáng lên,0.0,0.0,ok,
common_voice_vi_24227403.mp3,Anh vừa chợt nghe văng vẳng bên tai cái thứ gì đó phát ra,anh vừa chợt nghe văn vẳng bên tai cái thứ gì đó phát ra,0.07142857142857142,0.017543859649122806,ok,
common_voice_vi_24122296.mp3,Bố ở lại viện để mẹ về tìm cho nhanh,bố ở lại viện để mẹ về tìm cho nhanh,0.0,0.0,ok,
common_voice_vi_24470389.mp3,Mẹ em rất hiền,mẹ em rất hiền,0.0,0.0,ok,
common_voice_vi_24144150.mp3,Cũng là để cho kumanthong có một nơi ở mới đầy đủ hơn,cũng là để cho kumanthong có một nơi ở mới đầy đủ hơn,0.0,0.0,ok,
common_voice_vi_24227594.mp3,"Bay, đậu bờ rào",bay đậu bờ rào,0.0,0.0,ok,
common_voice_vi_24363062.mp3,Bật ngay dậy rồi bước nhanh vào trong nhà,bật ngay dậy rồi bước nhanh vào trong nhà,0.0,0.0,ok,
common_voice_vi_22402601.mp3,tiếc là cái chân của em không nhấc lên được,tiếc là cái chân của em không nhất lên được,0.1,0.023255813953488372,ok,
common_voice_vi_24173298.mp3,Nên mọi người đành ra về,nên mọi người đành ra về,0.0,0.0,ok,
common_voice_vi_23988883.mp3,Được nghe mẹ kể,được nghe mẹ kể,0.0,0.0,ok,
common_voice_vi_25177553.mp3,Mẹ có việc muốn nhờ con giúp đỡ đây,mẹ có việc muốn nhờ con giúp đỡ đây,0.0,0.0,ok,
common_voice_vi_25226478.mp3,em phải học hành,em phải học hành,0.0,0.0,ok,
common_voice_vi_24226438.mp3,Là bóng rợp trên con đường nắng lửa,là bóng rợp trên con đường nắng lửa,0.0,0.0,ok,
common_voice_vi_24476316.mp3,Nếu biết rằng sẽ chẳng gặp lại nhau,nếu biết rằng sẽ chẳng gặp lại nhau,0.0,0.0,ok,
common_voice_vi_23932904.mp3,Vậy mà lạ lùng thay,vậy mà lạ lùng thay,0.0,0.0,ok,
common_voice_vi_24152483.mp3,Mất chân,mất chân,0.0,0.0,ok,
common_voice_vi_27640436.mp3,Tháng mười là tháng mười ơi,tháng mười là tháng mười ơi,0.0,0.0,ok,
common_voice_vi_23901544.mp3,Có người còn chẳng biết là có sống được không,có người còn chẳng biết là có sống được không,0.0,0.0,ok,
common_voice_vi_48997293.mp3,Tánh hay nói xóc óc làm người ta giận,tạnh hay nội sắp óc lam nười ta dần,0.6666666666666666,0.2702702702702703,ok,
common_voice_vi_24467814.mp3,Cuối cùng trong quân vẫn chỉ có hình bóng của người vợ đã khuất,cuối cùng trong quân vẫn chỉ có hình bóng của người vợ đã khuất,0.0,0.0,ok,
common_voice_vi_25177652.mp3,Chẳng hiểu Có ai đang hút hay không,chẳng hiểu có ai đang hút hay không,0.0,0.0,ok,
common_voice_vi_23925073.mp3,Thời kỳ ở Thái Lan,thời kỳ ở thái lan,0.0,0.0,ok,
common_voice_vi_25950341.mp3,Tay gối đầu anh nghĩ chuyện vẩn vơ,tay gối đầu anh nghĩ chuyện vật vơ,0.125,0.058823529411764705,ok,
common_voice_vi_42758757.mp3,Bây giờ con lớn đi xa,bây giờ con lớn đi xa,0.0,0.0,ok,
common_voice_vi_23988431.mp3,Người mẹ của ta,người mẹ của ta,0.0,0.0,ok,
common_voice_vi_24280795.mp3,Chú sửa xe liền nói,chú sửa xe liền nói,0.0,0.0,ok,
common_voice_vi_42788756.mp3,Xin nhận lời con,chin nhìng lời con,0.5,0.25,ok,
common_voice_vi_23988671.mp3,tạm biệt em,tạm biệt em,0.0,0.0,ok,
common_voice_vi_23745302.mp3,Sáng hôm sau cả đoàn thức dậy,sáng hôm so cải đoàn thức dậy,0.2857142857142857,0.10344827586206896,ok,
common_voice_vi_24142108.mp3,Nãy giờ Trinh cứ như đang nói chuyện với ai đó,nãy giờ trinh cứ như đang nói chuyện với ai đó,0.0,0.0,ok,
common_voice_vi_23392938.mp3,Mẹ ầu mẹ ơi...,mẹ ầu mẹ ơi,0.0,0.0,ok,
common_voice_vi_40249414.mp3,Lay phay mưa bụi thầm thì chữ yêu,lay phay mưa buộụi thầm thì chữ yếu,0.25,0.09090909090909091,ok,
common_voice_vi_24121612.mp3,Sữa nhang nến thơm,sữa nhang nến thơm,0.0,0.0,ok,
common_voice_vi_27639950.mp3,Cho khắc khoải thêm những tháng ngày vui,cho khắc khoải thêm những tháng ngày vui,0.0,0.0,ok,
common_voice_vi_24425823.mp3,Tôi vạn lần tạ lỗi và chấp nhận bị trừng phạt,tôi vạn lần tạ lỗi và chấp nhận bị trừng phạt,0.0,0.0,ok,
common_voice_vi_24331682.mp3,Nhắc đến nhi khiến cho Trinh cảm rùng mình,nhắc đến nhi khiến cho trinh cảm rùng mình,0.0,0.0,ok,
common_voice_vi_28540888.mp3,Tháng mười êm dịu mong chờ bình an.,tháng mười êm dịu mong chờ bình an,0.0,0.0,ok,
common_voice_vi_42788223.mp3,lau mặt cho thầy,lo mặt cho thầy,0.25,0.125,ok,
common_voice_vi_24396575.mp3,Hà ni vừa nhìn ra bên ngoài thì ngạc nhiên,hà ni vừa nhìn ra bên ngoài thì ngạc nhiên,0.0,0.0,ok,
common_voice_vi_24425751.mp3,Ngọc Lan là vợ chưa cưới của anh phải không,ngọc lan là vợ chưa cưới của anh phải không,0.0,0.0,ok,
common_voice_vi_25260723.mp3,Bà nội của Thảo cũng mắng bố thảo,bà lội của thảo cũng mắng bố thảo,0.125,0.030303030303030304,ok,
common_voice_vi_24162818.mp3,Tai vách mạch rừng.,tai vách mạch rừng,0.0,0.0,ok,
common_voice_vi_24227376.mp3,mẹ thảo liền nói,mẹ thảo liền nói,0.0,0.0,ok,
common_voice_vi_25723528.mp3,Thoảng thơ từng búi tóc dài,hoảng thơ từng buúi ý tóc dài,0.5,0.14814814814814814,ok,
common_voice_vi_24396612.mp3,Gánh hết cuộc đời thời gian chữa lành không???,gánh hết cuộc đời thời gian chữa lành không,0.0,0.0,ok,
common_voice_vi_42788361.mp3,Dạo này tôi cũng bận nên là không sang nhà thăm được,nhềo này tôi còn bình mên là không sác nhà thăm điệp,0.5,0.2692307692307692,ok,
common_voice_vi_23930772.mp3,ưa Nhìn của một anh chàng thành thị,ưa nhìn của một anh chàng thành thị,0.0,0.0,ok,
common_voice_vi_42788759.mp3,Ánh Mắt Của trinh nhìn quân đầy gợi tình,tành mắc của trinh nhìn quân đầy gầy tình,0.3333333333333333,0.125,ok,
common_voice_vi_25177285.mp3,Ươm mầm xanh đón đợi xuân hường,hưa mẩm xanh đón đợi xuân vường,0.42857142857142855,0.16129032258064516,ok,
common_voice_vi_24297980.mp3,Mọi người cũng bán tín bán Nghi,mọi người cũng bán tín bán nghi,0.0,0.0,ok,
common_voice_vi_24425866.mp3,Nhưng sau đó một thời gian,nhưng sau đó một thời gian,0.0,0.0,ok,
common_voice_vi_23988496.mp3,tao tại tao không biết,tao tại tao không biết,0.0,0.0,ok,
common_voice_vi_42788871.mp3,Gọi tôi là dã quỳ,và tôi là nhạ quỳ,0.4,0.35294117647058826,ok,
common_voice_vi_23932900.mp3,Đầu em nghĩ rằng chỉ hét to lên để kêu cứu,đầu em nghĩ rằng chỉ hét to lên để kêu cứu,0.0,0.0,ok,
common_voice_vi_25265345.mp3,Nhưng con chỉ khóc,nhưng con chị khóc,0.25,0.05555555555555555,ok,
common_voice_vi_27701223.mp3,Tháng mười về con nắng bớt vàng ươm,tháng mười về con nắng bớt vàng ươm,0.0,0.0,ok,
common_voice_vi_23078658.mp3,Anh chị chào mào,anh chị chào nào,0.25,0.0625,ok,
common_voice_vi_31250008.mp3,Tỏ ra rành rẽ sự việc anh ta nói thêm,tỏ ra rình rẽ sự việc anh ta nói thêm,0.1,0.02702702702702703,ok,
common_voice_vi_23676736.mp3,Lời mẹ khuyên lơn,lời mẹ khuyên lơn,0.0,0.0,ok,
common_voice_vi_40191826.mp3,Mùa đông về sương rơi lạnh cóng.,mùa đông về xướng rơi lặnh trống,0.42857142857142855,0.1935483870967742,ok,
common_voice_vi_25132690.mp3,Việc tôi nằm trên giường là do cô mà,việc tôi nằm trên giường là do cô mà,0.0,0.0,ok,
common_voice_vi_23901119.mp3,nghe Mẹ Thảo nói bố thảo đi làm trưa mới về,nghe mẹ thảo nói bố thảo đi làm trưa mới về,0.0,0.0,ok,
common_voice_vi_24142085.mp3,"Rạng rỡ cười, vẫn khát một bờ vai",rạng rỡ cười vẫn khát một bờ vai,0.0,0.0,ok,
common_voice_vi_24425897.mp3,Có chuyện gì cô cứ hỏi để tôi xem,có chuyện gì cô cứ hỏi để tôi xem,0.0,0.0,ok,
common_voice_vi_24455846.mp3,Thay vào đó thời gian sau đám ma của Nhi,thay vào đó thời gian sau đám ma của nhi,0.0,0.0,ok,
common_voice_vi_42788446.mp3,Hãy nên hòa giải sống ngay hết lòng,phạy nên hòa dải sống ngay hệt lòng,0.375,0.14285714285714285,ok,
common_voice_vi_24173134.mp3,Mà nhắn tin qua Facebook thì mới biết cũng không có kịp,mà nhắn tin wuafabok thì mới biết cũng không có kịp,0.16666666666666666,0.09090909090909091,ok,
common_voice_vi_23926694.mp3,Dòng tin nhắn...cám ơn tình dương thế...!,dòng tin nhắn cảm ơn tình dương thế,0.125,0.02857142857142857,ok,
common_voice_vi_24280767.mp3,Hơi lạnh qua bàn tay,hơi lạnh qua bàn tay,0.0,0.0,ok,
common_voice_vi_24425683.mp3,mẹ thảo thoạt đầu nhìn thấy mấy người chúng em thì hơi ngạc nhiên,mẹ thảo thoạt đầu nhìn thấy mấy người chúng em thì hơi ngạc nhiên,0.0,0.0,ok,
common_voice_vi_25154488.mp3,Gia đình và cuộc sống cá nhân,gia đình và cuộc sống cá nhân,0.0,0.0,ok,
common_voice_vi_24124114.mp3,Chinh sung sướng rồi bắt máy,chinh sung sướng rồi bắt máy,0.0,0.0,ok,
common_voice_vi_31450089.mp3,mẹ thảo thoạt đầu nhìn thấy mấy người chúng em thì hơi ngạc nhiên,mẹ thảo thoạt đầu nhìn thấy mấy người chúng em thì hơi ngạc nhiên,0.0,0.0,ok,
common_voice_vi_23667732.mp3,Bằng mọi giá anh phải là của em,bằng mọi giá anh phải là của em,0.0,0.0,ok,
common_voice_vi_24122200.mp3,Ba ngày kể từ hôm xảy ra tai nạn,ba ngày kể từ hôm xảy ra tai nạn,0.0,0.0,ok,
common_voice_vi_24174019.mp3,Được thôi mấy cô cậu cứ tự nhiên,được thôi mấy cô cậu cứ tự nhiên,0.0,0.0,ok,
common_voice_vi_24174157.mp3,Anh về đây em vào trong nhà đi,anh về đây em vào trong nhà đi,0.0,0.0,ok,
common_voice_vi_21833278.mp3,Cô cười thật tươi,cô cười thật tươi,0.0,0.0,ok,
common_voice_vi_22402616.mp3,Sao sao à ừ tớ thấy trong người không được khỏe,sao sao à ừ tới thấy trong người không được khỏe,0.09090909090909091,0.02127659574468085,ok,
common_voice_vi_24358644.mp3,Khiến cho Trinh nổi cả da gà,khiến cho trinh nổi cả da gà,0.0,0.0,ok,
common_voice_vi_24226414.mp3,thầy bảo có người che mắt thầy không có nhìn được,thầy bảo có người che mắt thầy không có nhìn được,0.0,0.0,ok,
common_voice_vi_24121656.mp3,Thôi chết rồi cũng đã muộn rồi à giờ em phải về ngay,thôi chết rồi cũng đã muộn rồi à giờ em phải về ngay,0.0,0.0,ok,
common_voice_vi_22714940.mp3,Chợt mưa cái ào,chợt mưa cái ào,0.0,0.0,ok,
common_voice_vi_24358822.mp3,Không có ác mộng gì đâu,không có ác mộng gì đâu,0.0,0.0,ok,
common_voice_vi_24274645.mp3,Các câu nói được ghi lại,các câu nói được ghi lại,0.0,0.0,ok,
common_voice_vi_42788771.mp3,Khoa học đâu có thể giải thích được đâu,khoa học đấu có giải tích được đâu,0.3333333333333333,0.15384615384615385,ok,
common_voice_vi_24105959.mp3,chúng ta đang chuẩn bị thi lên cấp cơ mà,chúng ta đang chuẩn bị thi lên cấp cơ mà,0.0,0.0,ok,
common_voice_vi_24398925.mp3,Mẹ ơi,mẹ ơi,0.0,0.0,ok,
common_voice_vi_23848877.mp3,hay là nói được câu nào cả,hay là nói được câu nào cả,0.0,0.0,ok,
common_voice_vi_24398298.mp3,Phải Đóng cửa lại cho con nó ngủ,phải đóng cửa lại cho con nó ngủ,0.0,0.0,ok,
common_voice_vi_24855913.mp3,Người đàn ông không đáp,người đàng ông không đáp,0.2,0.043478260869565216,ok,
common_voice_vi_36461196.mp3,được đặt ở khắp mọi miền Việt Nam,được tật ở khắp mọi viện việt nam,0.25,0.12121212121212122,ok,
common_voice_vi_40189718.mp3,Thời gian như là gió,thời gian như là gió,0.0,0.0,ok,
common_voice_vi_27148751.mp3,"Dở dang hoài, dang dở, dở dang thôi",dở dang hoài lang rở rở dang thôi,0.375,0.09090909090909091,ok,
common_voice_vi_24172621.mp3,mà nhiều câu hỏi tại sao,mà nhiều câu hỏi tại sao,0.0,0.0,ok,
common_voice_vi_24280772.mp3,mục rữa,mục rữa,0.0,0.0,ok,
common_voice_vi_23926702.mp3,Vừa nghe thấy tên thì một anh chàng lực lưỡng bước ra,vừa nghe thấy tên thì một anh chàng lực lưỡng bước ra,0.0,0.0,ok,
common_voice_vi_25092449.mp3,Không phải,không phải,0.0,0.0,ok,
common_voice_vi_42788788.mp3,Nghĩa là ghen quá đấy mà thôi,mhỉn là ghén quả đầy mà thôi,0.5714285714285714,0.2413793103448276,ok,
common_voice_vi_24124237.mp3,Một điều đáng lạ nữa đó chính là,một điều đáng lạ nữa đó chính là,0.0,0.0,ok,
common_voice_vi_24462271.mp3,Con bình tĩnh nghe người ta nói hết đi đã,con bình tỉnh nge người ta nói hát đi đã,0.3,0.07317073170731707,ok,
common_voice_vi_31450192.mp3,Cô nói sao bà dã Quỳ bà len đã chết,cô nói sao bà dã quỳ bà len đã chết,0.0,0.0,ok,
common_voice_vi_30651248.mp3,Yêu loài hoa và một thời khờ dại,du lài  tạt một thôi khó thấy,0.875,0.46875,ok,
common_voice_vi_23988465.mp3,Những bài thơ về động vật cho bé mầm non,những bài thơ về động vật cho bé mầm non,0.0,0.0,ok,
common_voice_vi_42788680.mp3,"Chi hắn cũng ăn, thiệt đúng là ăn dộng tộng chứa",chí hẳn cùng ăn thiệt đủng là ắn dòn tùng chữa,0.7272727272727273,0.19148936170212766,ok,
common_voice_vi_24362975.mp3,Quả nhiên cánh cửa nơi phòng thờ kuman đang bị hé mở,quạ nhiên cánh cửa nơi phòng thờ kuman đang bị hé mở,0.08333333333333333,0.019230769230769232,ok,
common_voice_vi_23848861.mp3,cản ơn đã giúp tôi,cảm ơn đã giúp tôi,0.2,0.05555555555555555,ok,
common_voice_vi_31450128.mp3,Muốn ngỏ lời mà sao tôi thật ngốc,muốn ngõ lời mà sao tôi thật ngốc,0.125,0.030303030303030304,ok,
common_voice_vi_24362928.mp3,Giống cái chỗ này thôi chứ không phải là đây,giống cái chỗ này thôi chứ không phải là đây,0.0,0.0,ok,
common_voice_vi_24124222.mp3,Từng ngày băn khoăn,từng ngày băng khoăn,0.25,0.05263157894736842,ok,
common_voice_vi_23423360.mp3,Nhất là con Hạ,nhất là con hạ,0.0,0.0,ok,
common_voice_vi_23933077.mp3,"Rồi thế này thế nọ, nói chuyện vô",rồi thế này thế nọ nói chuyện vô,0.0,0.0,ok,
common_voice_vi_24122471.mp3,Cái đồng hồ báo đến giờ cho kuman ăn như mọi ngày,cái đồng hồ báo đến giờ cho kuman ăn như mọi ngày,0.0,0.0,ok,
common_voice_vi_40249378.mp3,con yêu bố mẹ,con yêu bố mẹ,0.0,0.0,ok,
common_voice_vi_24358694.mp3,Cứ hoài bâng khuâng,cứ hoài bâng khuâng,0.0,0.0,ok,
common_voice_vi_24121867.mp3,Tôi cũng đã phải ghi lại những tấm hình không chỉ về thiên nhiên,tôi cũng đã phải ghi lại những tấm hình không chỉ về thiên nhiên,0.0,0.0,ok,
common_voice_vi_23926823.mp3,Tôi vẫn đi bên cạnh cuộc đời,tôi vẫn đi bên cạnh cuộc đời,0.0,0.0,ok,
common_voice_vi_25226009.mp3,"Sáng ngày mai, tuổi mới thật bình an.",sáng ngày mai tuổi mới thật bình ang,0.125,0.02857142857142857,ok,
common_voice_vi_21833349.mp3,Muôn vàng tấc đất,muôn vàng tấc tức,0.25,0.17647058823529413,ok,
common_voice_vi_28075854.mp3,Chỉ cần mày với tao vẫn làm bạn là được,chỉ cần mày với tao vẫn làm bạn là được,0.0,0.0,ok,
common_voice_vi_40249474.mp3,"Mồ hôi của A Hội nhễ nhại, ướt đẫm cả áo",mồ hôi của ả hội nhệ nhạy ước đẩm cả áo,0.45454545454545453,0.1282051282051282,ok,
common_voice_vi_27641334.mp3,Nhưng Xem chừng anh lại ngại,nhưng xem chần anh lại ngại,0.16666666666666666,0.07142857142857142,ok,
common_voice_vi_25721782.mp3,"Về ngồi đây, trái tim nghe gõ cửa",về ngồi đây trái tìm nghe gõ cửa,0.125,0.03125,ok,
common_voice_vi_24362855.mp3,Không Anh chỉ tin nóng quá trình cả,không anh chỉ tin nóng quá trình cả,0.0,0.0,ok,
common_voice_vi_24142072.mp3,Không thể mở thành lời,không thể mở thành lời,0.0,0.0,ok,
common_voice_vi_25721865.mp3,Liu riu róc rách giọt sầu mênh mông,liu rưu rốc rách giọt sầu mênh mông,0.25,0.05714285714285714,ok,
common_voice_vi_23926842.mp3,Trong phòng tiếng rên của trinh mỗi lúc một lớn khát dục hơn,trong phòng tiếng rên của trinh mỗi lúc một lớn khác gục hơn,0.15384615384615385,0.03333333333333333,ok,
common_voice_vi_24173166.mp3,Mày còn lảng vảng ở đây để phá tao sao,mày còn lãng vảng ở đây để phá tao sao,0.1,0.02631578947368421,ok,
common_voice_vi_21833241.mp3,kịch nghệ,kích nghẹ,1.0,0.2222222222222222,ok,
common_voice_vi_24121899.mp3,Đời này có ai,đời này có ai,0.0,0.0,ok,
common_voice_vi_24124251.mp3,Sư trụ trì khẽ dừng tay niệm,sư trụ trì khẽ dừng tay niệm,0.0,0.0,ok,
common_voice_vi_25092513.mp3,Nhưng mà tôi được người ta nhờ vả,nhưng mà tôi được người ta nhờ vả,0.0,0.0,ok,
common_voice_vi_23930635.mp3,Hồn của con bé không thể về nhà được,hồn của con bé không thể về nhà được,0.0,0.0,ok,
common_voice_vi_24106485.mp3,cánh cửa phòng thờ kumanthong vẫn đóng,cánh cửa phòng thờ kumanthong vẫn đóng,0.0,0.0,ok,
common_voice_vi_23933009.mp3,Chú thích,chú thích,0.0,0.0,ok,
common_voice_vi_24467768.mp3,còn đối với kumanthong thì thứ cần được tưới là sự quan tâm,còn đối với kumanthong thì thứ cận được tưới là sự quan tâm,0.07692307692307693,0.01694915254237288,ok,
common_voice_vi_24124142.mp3,Cuối cùng hà ni chọn giải pháp giữ im lặng,cuối cùng hà ni chọn giải pháp giữ im lặng,0.0,0.0,ok,
common_voice_vi_42788775.mp3,Bất cứ câu gì,bất cử câu gì,0.25,0.07692307692307693,ok,
common_voice_vi_25092662.mp3,Hôm nay Bé Na của mẹ ăn ngon thế,hôm nay bé na của mẹ ăn ngon thứ,0.1111111111111111,0.03125,ok,
common_voice_vi_42787955.mp3,Khiến cho Tinh nổi da gà,hiện cho tin nội da gà,0.5,0.16666666666666666,ok,
common_voice_vi_21833213.mp3,Buồn thế chứ,buồn thế chứ,0.0,0.0,ok,
common_voice_vi_43303936.mp3,Nói chạ chạ lát lát bơ bị người ta đánh,nó trả trẻ lát lát bờ bị người ta đánh,0.4,0.20512820512820512,ok,
common_voice_vi_42788681.mp3,Nhưng do có nhiều chuyện nên bán nhà đó để mua nơi khác,nhưng gió có nhiều chuyền nên bạn nhà đó để mua nơi thác,0.3076923076923077,0.10909090909090909,ok,
common_voice_vi_25950212.mp3,Tháng mười tưởng xa lắm.,tháng mười tưởng xa lắm,0.0,0.0,ok,
common_voice_vi_24425843.mp3,tôi tin,tôi tin,0.0,0.0,ok,
common_voice_vi_42788056.mp3,mẹ thảo đáp,mẹ thảo đáp,0.0,0.0,ok,
common_voice_vi_25226345.mp3,Trình chỉ dừng lại khi bàn tay của cô ướt sũng nước nhờn,trình chỉ dừng lại khi bàn tay của cô ướt sũng nước nhờn,0.0,0.0,ok,
common_voice_vi_23930687.mp3,Bảo rằng hoa dáng như tim vỡ,bảo rằng hoa dáng như tim vỡ,0.0,0.0,ok,
common_voice_vi_23725607.mp3,"Trời ơi con gái của tôi, sao con lại khổ như vậy chứ",trời con gái của tôi sao con lại khổ như vậy chứ,0.07692307692307693,0.058823529411764705,ok,
common_voice_vi_24280780.mp3,Đêm đó em nằm chập chờn ngủ thì nghe tiếng gọi,đêm đó em nằm chập chờn ngủ thì nghe tiếng gọi,0.0,0.0,ok,
common_voice_vi_24358652.mp3,Nếu mà chuyện ma quỷ là có thật,nếu mà chuyện ma quỷ là có thật,0.0,0.0,ok,
common_voice_vi_25724416.mp3,Tháng mười một Đông sang rồi em đó,tháng mười một đông sang rồi em đó,0.0,0.0,ok,
common_voice_vi_24122379.mp3,Toàn bộ phần đầu của Thảo bị nghiền nát,toàn bộ phần đầu của thảo bị nghiền nác,0.1111111111111111,0.02564102564102564,ok,
common_voice_vi_34008839.mp3,Đây là phòng dành cho khách này,đây là phòng nhận cho khác này,0.2857142857142857,0.16129032258064516,ok,
common_voice_vi_28426297.mp3,"Tháng mười rồi, lành lạnh gió đông qua",tháng mười rồi lành lạnh gió đông qua,0.0,0.0,ok,
common_voice_vi_27618804.mp3,Anh đón chờ tháng mười một vừa trao,anh đón chờ tháng mười một vừa trao,0.0,0.0,ok,
common_voice_vi_25092505.mp3,Bố của Thảo liền lắc đầu nói,bố của thảo liền lắc đầu nói,0.0,0.0,ok,
common_voice_vi_23392041.mp3,Tiểu sử và sự nghiệp,tiểu sử và sự nghiệp,0.0,0.0,ok,
common_voice_vi_42788342.mp3,Cũng vì con phải mưu sinh,cộng vi cóp phải ngôi dân,0.8333333333333334,0.44,ok,
common_voice_vi_24280836.mp3,Nhưng hôm nay Trinh mới được tận mắt chứng kiến,nhưng hôm nay trinh mới được tận mắt chứng kiến,0.0,0.0,ok,
common_voice_vi_23848881.mp3,Trinh khẽ cười rồi nói,trinh khẽ cười rồi nói,0.0,0.0,ok,
common_voice_vi_24012749.mp3,thấy gia đình nó bảo là mới tỉnh lại đêm qua,thấy gia đình nó bảo là mới tỉnh lại đêm qua,0.0,0.0,ok,
common_voice_vi_42787935.mp3,Trong nhà của Trinh liên tiếp có những tiếng động,trong nhà vừa trinh liên tiệp cả những tiển đồng,0.5,0.14285714285714285,ok,
common_voice_vi_24425853.mp3,tháng mười một sương muối,tháng mười một sương muối,0.0,0.0,ok,
common_voice_vi_24121944.mp3,ta nói rồi,ta nói rồi,0.0,0.0,ok,
common_voice_vi_24331624.mp3,Sao nó vẫn về được nhà con thanh,sao nó vẫn về được nhà con thanh,0.0,0.0,ok,
common_voice_vi_24358805.mp3,hôm đấy em chạy qua thấy mọi người xúm lại gần đó,hôm đấy em chạy qua thấy mọi người xúm lại gần đó,0.0,0.0,ok,
common_voice_vi_25723486.mp3,Môi vẫn thắm gọi thuyền quyên về bến.,môi vẫn thắm gọi thuyền quyên về bến,0.0,0.0,ok,
common_voice_vi_24125566.mp3,Đó là một phòng tập thể hình,đó là một phòng tập thể hình,0.0,0.0,ok,
common_voice_vi_24162821.mp3,Trợ giúp,trợ giúp,0.0,0.0,ok,
common_voice_vi_22714942.mp3,con chào mẹ,con chào mẹ,0.0,0.0,ok,
common_voice_vi_27982297.mp3,Gửi theo gió đến ai nơi xa ấy.,gửi theo gió đến ai nơi xa ấy,0.0,0.0,ok,
common_voice_vi_23930590.mp3,Ngày mai vợ ông Hà là có đứa trẻ con chết đuối,ngày mai vợ ông hà là có đứa trẻ con chết đuối,0.0,0.0,ok,
common_voice_vi_24358777.mp3,Cảm ơn anh đã trăn trở êm đềm,cảm ơn anh đã trăng trở êm đềm,0.125,0.034482758620689655,ok,
common_voice_vi_24304444.mp3,Những cánh mai gầy,những cánh mai gầy,0.0,0.0,ok,
common_voice_vi_24174159.mp3,Chẳng biết từ khi nào mà chinh chỉ muốn quân là của riêng mình,chẳng biết từ khi nào mà chinh chỉ muốn quân là của riêng mình,0.0,0.0,ok,
common_voice_vi_24173252.mp3,Chúng tôi ở đây tầm khoảng một tuần,chúng tôi ở đây tầm khoảng một tuần,0.0,0.0,ok,
common_voice_vi_23406199.mp3,mày cứ về thế này tao không có ngủ được,mày cứ bề thế này tao không có ngủ được,0.1,0.02564102564102564,ok,
common_voice_vi_30946535.mp3,Khe khẽ,ha hẽ,1.0,0.42857142857142855,ok,
common_voice_vi_21824030.mp3,Ở cái nơi rừng thiêng nước độc này,ở cố nơi dựng thiều núc gọc này,0.625,0.3235294117647059,ok,
common_voice_vi_24125784.mp3,Nhưng tôi yêu em ở những điều ngược lại,nhưng tôi yêu em ở những điều ngược lại,0.0,0.0,ok,
common_voice_vi_24304437.mp3,Nhưng mà thật không ngờ sau một đêm,nhưng mà thật không ngờ sau một đêm,0.0,0.0,ok,
common_voice_vi_22402440.mp3,Cứ đi đi,cứ đi đi,0.0,0.0,ok,
common_voice_vi_23930762.mp3,Tình mẹ biển nước,tình mẹ biển nước,0.0,0.0,ok,
common_voice_vi_23936343.mp3,bà thản nhiên đứng dậy đi ra ngoài,bà thảng nhiên đứng dậy đi ra ngoài,0.125,0.029411764705882353,ok,
common_voice_vi_24227462.mp3,Song trai gật đầu,song trai gật đầu,0.0,0.0,ok,
common_voice_vi_24144220.mp3,Ông ta đặt một nhánh Hoa Dã Quỳ nằm dưới đất rồi bảo,ông ta đặt một nhánh hoa dã quỳ nằm dưới đất rồi bảo,0.0,0.0,ok,
common_voice_vi_24455833.mp3,Hay làm nghề rừng Như Hầu hết thanh niên xứ này,hay làm nghề rừng như hầu hết thanh niên xứ này,0.0,0.0,ok,
common_voice_vi_23847795.mp3,chúng ta vẫn còn trẻ,chúng ta vẫn còn trẻ,0.0,0.0,ok,
common_voice_vi_24122213.mp3,hôi thối,hôi thối,0.0,0.0,ok,
common_voice_vi_24142075.mp3,Alo anh xăm trai phải không ạ,alo anh xăm trai phải không ạ,0.0,0.0,ok,
common_voice_vi_25132226.mp3,Vượt trên tất cả,vượt trên tất cả,0.0,0.0,ok,
common_voice_vi_23423392.mp3,sự mất mát,sự mất mát,0.0,0.0,ok,
common_voice_vi_24122297.mp3,mẹ em cũng Kể cho bố mẹ Thảo nghe chuyện tối qua,mẹ em cũng kể cho bố mẹ thảo nghe chuyện tối qua,0.0,0.0,ok,
common_voice_vi_24855910.mp3,Nhất là khi nhìn vào con búp bê đó,nhất là khi nhìn vào con búp bê đó,0.0,0.0,ok,
common_voice_vi_24425801.mp3,Báo công an cho cho bắt nhốt hết vào trong tù kia kìa,báo công an cho cho bắc nhốt hết vào trong tù kia kìa,0.07692307692307693,0.018867924528301886,ok,
common_voice_vi_24456153.mp3,Nếu như còn khiến cho người đàn ông này yêu mẹ,nếu như còn khiến cho người đàn ông này yêu mẹ,0.0,0.0,ok,
common_voice_vi_24362755.mp3,Như thế thì mới đúng,như thế thì mới đúng,0.0,0.0,ok,
common_voice_vi_41912734.mp3,Tay gối đầu anh nghĩ chuyện vẩn vơ,tay gối đầu anh nghĩ chuyện vẩn vơ,0.0,0.0,ok,
common_voice_vi_24012782.mp3,Và đỏ như màu máu thắm pha,và đỏ như màu máu thắm pha,0.0,0.0,ok,
common_voice_vi_24227598.mp3,Anh cũng vô tình có hiểu nổi em đâu,anh cũng vô tình có hiểu nổi em đâu,0.0,0.0,ok,
common_voice_vi_24121969.mp3,Đi vào xem tất cả mọi thứ vẫn bình thường,đi vào xem tất cả mọi thứ vẫn bình thường,0.0,0.0,ok,
common_voice_vi_25217883.mp3,đang nhớ lại chuyện cũ,đang nhớ lại chuyện cũ,0.0,0.0,ok,
common_voice_vi_23926809.mp3,Câu chuyện có tựa đề là Ma ở vùng núi Tây Bắc,câu chuyện có tựa đề là ma ở vùng núi tây bắc,0.0,0.0,ok,
common_voice_vi_25950222.mp3,Bài viết liên quan,bài viết liên quan,0.0,0.0,ok,
common_voice_vi_23406206.mp3,Tóm lại em thà tin còn hơn là không tin,góm lại em thà tin còn hơn là không tin,0.1,0.02564102564102564,ok,
common_voice_vi_24457641.mp3,Anh chàng bắt đầu hốt hoảng,anh chàng bắt đầu hốt qoảng,0.16666666666666666,0.037037037037037035,ok,
common_voice_vi_23848894.mp3,Hai người gặp nhau sau đám tang của mẹ quân,hai người gặp nhau sau đám tang của mẹ quân,0.0,0.0,ok,
common_voice_vi_24362800.mp3,Thua thầy một vạn không bằng kém bạn một li,thua thầy một vạn không bằng kém bạn một li,0.0,0.0,ok,
common_voice_vi_22402656.mp3,Hai chiếc dép kia gặp nhau tự bao giờ,hai chiếc dép kia gặp nhau tự bao giờ,0.0,0.0,ok,
common_voice_vi_24012750.mp3,Nó với cái Nhi ngày xưa là thân nhau lắm,nó với cái nhi ngày xưa là thân nhau lắm,0.0,0.0,ok,
common_voice_vi_42787958.mp3,Bây giờ con lớn đi xa,bây giờ con lợn ni xa,0.3333333333333333,0.09523809523809523,ok,
common_voice_vi_25261523.mp3,chịu khó học hành thi cử,chịu khó học hành thi cử,0.0,0.0,ok,
common_voice_vi_42788692.mp3,Hà Ni lắc đầu,hà ni lắc đầu,0.0,0.0,ok,
common_voice_vi_24358760.mp3,kèm theo bên cạnh có một hình trái tim màu đỏ,kèm theo bên cạnh có một hình trái tim màu đỏ,0.0,0.0,ok,
common_voice_vi_23988527.mp3,Một khi đã liên kết với nó,một khi đã liên kết với nó,0.0,0.0,ok,
common_voice_vi_23078574.mp3,Tôi chờ người đến với yêu thương,cô chẳ người đến với yêu thương,0.2857142857142857,0.09375,ok,
common_voice_vi_24124119.mp3,Khóe léo bày biện trên bàn thờ ni Kuman,khéo léo bày biện trên bàn thờ ni kuman,0.1111111111111111,0.05128205128205128,ok,
common_voice_vi_24363076.mp3,Có vẻ sáng hơn mọi ngày,có vẻ sáng hơn mọi ngày,0.0,0.0,ok,
common_voice_vi_23988547.mp3,Thảy đều lần lượt,thảy đều lần lượt,0.0,0.0,ok,
common_voice_vi_24455813.mp3,Trời đã sáng lên hẳn,trời đã sáng lên hẳn,0.0,0.0,ok,
common_voice_vi_24363048.mp3,Có khi nào nó nhắc tới chuyện này không mẹ,có khi nào nó nhắc tới chuyện này không mẹ,0.0,0.0,ok,
common_voice_vi_31450179.mp3,Nếu biết rằng sẽ chẳng gặp lại nhau,nếu biết rằng sẽ chẳmg gặp lại nhau,0.125,0.02857142857142857,ok,
common_voice_vi_24162872.mp3,tước đi mạng sống,tước đi mạng sống,0.0,0.0,ok,
common_voice_vi_28541056.mp3,Cho muôn cây cỏ màu xanh tuyệt vời!,cho muôn cây cỏ màu xanh tuyệt vời,0.0,0.0,ok,
common_voice_vi_24304412.mp3,Trong căn phòng chẳng có một ai,trong căn phòng chẳng có một ai,0.0,0.0,ok,
common_voice_vi_24152646.mp3,một tay bị gãy phải bó bột,một tay bị gãy phải bó bột,0.0,0.0,ok,
common_voice_vi_23926935.mp3,Chinh ngay lập tức nghĩ đến một việc,chinh ngay lập tức nghĩ đến một việc,0.0,0.0,ok,
common_voice_vi_24226309.mp3,Hay là đợi tuần bốn mươi chín của con thảo,hay là đợi tuần bốn mươi chín của con thảo,0.0,0.0,ok,
common_voice_vi_24274720.mp3,Thảo vẫn không nhìn em,thảo vẫn không nhìn em,0.0,0.0,ok,
common_voice_vi_24304434.mp3,Nâng từng chiếc túi lên,nâng từng chiếc túi lên,0.0,0.0,ok,
common_voice_vi_27648100.mp3,Khẽ thì thầm trao nụ hôn ngây dại,khẽ thì thầm chao nộ hôn ngay dại,0.375,0.12121212121212122,ok,
common_voice_vi_24425846.mp3,kẻ tội đồ,kẻ tội đồ,0.0,0.0,ok,
common_voice_vi_25132381.mp3,Vừa nghe thấy tên thì một anh chàng lực lưỡng bước ra,vừa nghe thấy tên thì một anh chàng lực lưởng bước ra,0.08333333333333333,0.018867924528301886,ok,
common_voice_vi_25154475.mp3,Mẹ còn dọn dẹp,mẹ còn dọn dẹp,0.0,0.0,ok,
common_voice_vi_24331630.mp3,Tao không có chạy được mày giúp tao đi,tao không có chạy được mày giúp tao đi,0.0,0.0,ok,
common_voice_vi_25265293.mp3,Anh đang quay trở lại làm việc trinh cũng biết mà,anh đang quay trở lại làm việc trinh cũng biết mà,0.0,0.0,ok,
common_voice_vi_28540565.mp3,"Tháng mười về, hương xưa rơi đầy áo",tháng mười về hương xưa rơi đầy áo,0.0,0.0,ok,
common_voice_vi_25132883.mp3,Đang khẽ vuốt ve chiếc lọ thủy tinh một cách ân cần,đang khẽ vút về chiếc lọ thủy tinh một cách ân cần,0.16666666666666666,0.058823529411764705,ok,
common_voice_vi_42723043.mp3,Khiếp lắm mày ơi,khiếp lắm may ơi,0.25,0.0625,ok,
common_voice_vi_25132172.mp3,Tại sao,tài sao,0.5,0.14285714285714285,ok,
common_voice_vi_22402377.mp3,Thơ tình cuối mùa thu,thơ tình cuối mùa thu,0.0,0.0,ok,
common_voice_vi_25722009.mp3,Đủ cho lúa chín vàng.,đủ cho lúa chín vàng,0.0,0.0,ok,
common_voice_vi_24358786.mp3,Thời gian này Thoải mái và tự do,thời gian này thoải mái và tự do,0.0,0.0,ok,
common_voice_vi_23901121.mp3,Nước chảy trên sông,nước chảy trên sông,0.0,0.0,ok,
common_voice_vi_27615280.mp3,Nên ngưng ngang câu chuyện,nên ngưng ngang câu chuyện,0.0,0.0,ok,
common_voice_vi_23988461.mp3,chú liền nói,chú liền nói,0.0,0.0,ok,
common_voice_vi_24814572.mp3,Đám kia thì về nhả tiếp khách,đám kia thì về nhà tiếp khách,0.14285714285714285,0.034482758620689655,ok,
common_voice_vi_25132227.mp3,Hà giật mình nổi gai ốc,hà giật mình nổi gai óc,0.16666666666666666,0.043478260869565216,ok,
common_voice_vi_24362754.mp3,Em đã chẳng hẹn nhau đêm ấy nữa,em đã chẳng hẹn nhau đêm ấy nữa,0.0,0.0,ok,
common_voice_vi_24467863.mp3,Mặt trời nhấp nhô qua ngọn núi,mặc trời nhấp nhô qua ngọn núi,0.14285714285714285,0.03333333333333333,ok,
common_voice_vi_25092579.mp3,Còn gì đau đớn hơn hình ảnh một người đàn ông,còn gì đau đớn hôn hình ánh một người đàn ông,0.18181818181818182,0.044444444444444446,ok,
common_voice_vi_23930632.mp3,Để cho hai đứa lâm li cõi tình!,để cho hai đứa lâm li cõi tình,0.0,0.0,ok,
common_voice_vi_24088124.mp3,với nhiều tác phẩm viết bằng tiếng Việt,với nhiều tác phẩm viết bằng tiếng việt,0.0,0.0,ok,
common_voice_vi_24125757.mp3,Niềm vui sướng trong ta là có thật,niềm vui sướng trong ta là có thật,0.0,0.0,ok,
common_voice_vi_25092496.mp3,Hay là thôi mùa đừng thay lá,hai là thôi mùa đừng thay lá,0.14285714285714285,0.03571428571428571,ok,
common_voice_vi_26424933.mp3,Trên thảm cỏ mấy hạt còn chưa nở,trên thảm cỏ mấy hạt còn chưa nỡa,0.125,0.0625,ok,
common_voice_vi_23988519.mp3,Thảo đáp mà không cần nhìn em,thảo đáp mà không cần nhìn em,0.0,0.0,ok,
common_voice_vi_24467776.mp3,Bước xuống cầu thang Trinh mơ hồ,bước xuống cầu thang trinh mơ hồ,0.0,0.0,ok,
common_voice_vi_42788082.mp3,Chồng tôi cúi gằm mặt lí nhí nói,chong tôi cũi gầm mặt là bị nói,0.625,0.21875,ok,
common_voice_vi_42788243.mp3,Cánh cửa trúc ập xuống cái đùng,chánh cửa trốc ập xuống gái đồng,0.5714285714285714,0.12903225806451613,ok,
common_voice_vi_23901408.mp3,Ông bà tao ngày ấy thì sợ lắm,ông bà tao ngày ấy thì sợ lắm,0.0,0.0,ok,
common_voice_vi_24362841.mp3,Đời vô tình nghiệt ngã,đời vô tình nghiệt ngã,0.0,0.0,ok,
common_voice_vi_31450079.mp3,Thu chưa qua nắng đã nhợt phai mầu,thu chưa qua nắng đã nhật pai mộng,0.375,0.14705882352941177,ok,
common_voice_vi_26976787.mp3,Chút se lạnh cũng thấy lòng man mác,chút xe lạnh cũng thấy lòng man mát,0.25,0.05714285714285714,ok,
common_voice_vi_24358789.mp3,Nhà chị đến tìm tôi có đúng không,nhà chị đến tìm tôi có đúng không,0.0,0.0,ok,
common_voice_vi_24227690.mp3,Thực ra lúc nghe chuyện,thực ra lúc nghe chuyện,0.0,0.0,ok,
common_voice_vi_40191807.mp3,Những anh em dân tộc khác thì rất hiếu khách và cởi mở,những anh em dươn tộc khác thì rất hiếu khách và cỡi mở,0.15384615384615385,0.05555555555555555,ok,
common_voice_vi_25154503.mp3,mặt của mày tao lạ gì mà phải sợ chứ,mặt của mày tao lạ gì mà phải sợ chứ,0.0,0.0,ok,
common_voice_vi_25132652.mp3,Thứ mà trình tin rằng nó sẽ đem quần về với cô,thứ mà trình tin rằng nó sẽ đem quần về với cô,0.0,0.0,ok,
common_voice_vi_27655606.mp3,Hà ni giật bắn người,hà ni giật bắn người,0.0,0.0,ok,
common_voice_vi_23988908.mp3,Hãy cố giữ gìn,hãy cố giữ gìn,0.0,0.0,ok,
common_voice_vi_23926707.mp3,giờ chỗ ấy người ta vẫn có cái bát hương đấy,giờ chỗ ấy người ta vẫn có cái bát hương đấy,0.0,0.0,ok,
common_voice_vi_23936356.mp3,Nó nghĩ mình đang nằm mơ rồi chìm lại vào trong giấc ngủ,nó nghĩ mình đang nằm mơ rồi chìm lại vào trong giấc ngủ,0.0,0.0,ok,
common_voice_vi_24227503.mp3,Ông đồng thời cũng là nhà văn,ông đồng thời cũng là nhà văn,0.0,0.0,ok,
common_voice_vi_28440701.mp3,Ru tôi ngọn gió trang đài,rui tôi nmọi gió trang đài,0.3333333333333333,0.12,ok,
common_voice_vi_24363067.mp3,"Hãy sát đôi đầu, hãy kề đôi ngực!",hãy sát đôi đầu hãy kề đôi ngực,0.0,0.0,ok,
common_voice_vi_25721921.mp3,Thôi em ơi chẳng thể nào mặc cả,thôi em ơi chẳng thế nào mặc cả,0.125,0.03225806451612903,ok,
common_voice_vi_24226200.mp3,Làm bao chuyện lạ,làm bao chuyện lạ,0.0,0.0,ok,
common_voice_vi_25092417.mp3,Với Trinh cùng những người bạn cùng trang lứa,với trinh cùng những người bạn cùng tran nớc,0.2222222222222222,0.08888888888888889,ok,
common_voice_vi_24388750.mp3,Phương cũng cười rồi đáp,phương cũng cười rồi đáp,0.0,0.0,ok,
common_voice_vi_24173725.mp3,Cách sửa lỗi camera trên Snapchat không hoạt động,cách sửa lỗi camera trên snapchat không hoạt động,0.0,0.0,ok,
common_voice_vi_27716264.mp3,Nhưng tất cả chỉ là sự vô thức,nhưng tất cả chỉ là sự vô thức,0.0,0.0,ok,
common_voice_vi_23930610.mp3,Hay là thôi mùa đừng thay lá,hay là thôi mùa đừng thay lá,0.0,0.0,ok,
common_voice_vi_24425832.mp3,Trăm nghe không bằng một thấy.,trăm nghe không bằng một thấy,0.0,0.0,ok,
common_voice_vi_23926756.mp3,Từ những tưởng là mấy của bé đi rồi,từ những tưởng là mấy của bé đi rồi,0.0,0.0,ok,
common_voice_vi_24226534.mp3,Tối đó khi trở về nhà trinh vui mừng hét lớn,tối đó khi trở về nhà trinh vui mừng hét lớn,0.0,0.0,ok,
common_voice_vi_24172988.mp3,Đã yên ngày thác lũ.,đã yên ngày thác lũ,0.0,0.0,ok,
common_voice_vi_25132169.mp3,Hôm nay có người báo tin Phương đã tỉnh lại,hôm nay có người báo tin phương đã tỉnh lại,0.0,0.0,ok,
common_voice_vi_31250049.mp3,Để cho môi ngọt thắm thêm anh à,để cho mọi ngọt thắm thêm ma à,0.25,0.12903225806451613,ok,
common_voice_vi_23988497.mp3,Thời kỳ ở Liên Xô lần thứ hai,thời kỳ ở liên xô lần thứ hai,0.0,0.0,ok,
common_voice_vi_40191847.mp3,Tất cả cái giá không hề rẻ,tất cả cái giá không hề rễ,0.14285714285714285,0.038461538461538464,ok,
common_voice_vi_27640334.mp3,Gọi một chiếc xe thồ cô hỏi,gọi một chiếc xe thồ cô hỏi,0.0,0.0,ok,
common_voice_vi_25202224.mp3,sự dằn vặt,sự dằn vặt,0.0,0.0,ok,
common_voice_vi_23926703.mp3,chết đi con khốn,chết đi con khốn,0.0,0.0,ok,
common_voice_vi_24388761.mp3,Giờ bạn bè thi có mỗi mình mày là khá nhất,giờ bạn bè thì có mỗi mình mày là khá nhất,0.09090909090909091,0.023809523809523808,ok,
common_voice_vi_28565014.mp3,Anh vào trong khám phá đến tanh bành,anh vào trong khàm phá đến tanh bành,0.125,0.027777777777777776,ok,
common_voice_vi_23930578.mp3,Không gian về đêm im lặng như tờ,không gian về đêm im lặng như tờ,0.0,0.0,ok,
common_voice_vi_42788026.mp3,Mấy đứa con gái thì vui mừng,này đứa con gại thì vúi mình,0.5714285714285714,0.21428571428571427,ok,
common_voice_vi_24106392.mp3,là nhà cách mạng,là nhà cách mạng,0.0,0.0,ok,
common_voice_vi_42696078.mp3,đang hớn hỏ vì nghĩ đây là cuộc gọi của Quân,đáng hớn họ lún ĩ đây là cô gọi của quân,0.45454545454545453,0.22727272727272727,ok,
common_voice_vi_24317963.mp3,càng nghe chinh nói như vậy,càng nghe chinh nói như vậy,0.0,0.0,ok,
common_voice_vi_23695847.mp3,Các bình chọn của Tuần báo Time,các bình trọn của tuần báo tham,0.2857142857142857,0.16129032258064516,ok,
common_voice_vi_24274298.mp3,Còn hơn cả họ hàng thân thiết,còn hơn cả họ hàng thân thiết,0.0,0.0,ok,
common_voice_vi_24172775.mp3,Gió thổi rì rào,gió thổi rì rào,0.0,0.0,ok,
common_voice_vi_25226499.mp3,Đưa tay chỉ vào trong nhà,đưa tay chỉ vào trong nhà,0.0,0.0,ok,
common_voice_vi_23988593.mp3,"Thì anh xa, anh đã qua xa rồi.",thì anh xa anh đã qua xa rồi,0.0,0.0,ok,
common_voice_vi_23926724.mp3,Bước chân nhẹ nhàng,bước chân nhẹ nhàng,0.0,0.0,ok,
common_voice_vi_24280832.mp3,thì Phương đang nằm với đôi mắt Ngây Dại,thì phương đang nằm với đôi mắt ngây dại,0.0,0.0,ok,
common_voice_vi_27640769.mp3,Vẫn tiếc nuối những ngày thu tràn nắng,vẫn tiếc núi những ngà thu tràn néng,0.375,0.10526315789473684,ok,
common_voice_vi_25132112.mp3,Chiều nay xa xứ,chiều nay xa xứ,0.0,0.0,ok,
common_voice_vi_24121786.mp3,Và nằm một đống ở ngoài kia kìa,và nằm một đống ở ngoài kia kìa,0.0,0.0,ok,
common_voice_vi_25721646.mp3,Kịch bản văn nghệ chào mừng ngày Nhà giáo Việt Nam,chịch bản văn nghị chào mừng ngày nhà giáo việt nam,0.18181818181818182,0.06,ok,
common_voice_vi_23930785.mp3,Vậy Bây giờ chúng ta cần phải làm sao,vậy bây giờ chúng ta cần phải làm sao,0.0,0.0,ok,
common_voice_vi_25225646.mp3,hay làm hại mày đâu,hay làm hại mày đâu,0.0,0.0,ok,
common_voice_vi_42788640.mp3,Mẹ nâng niu con,mẹ nâng níu con,0.25,0.06666666666666667,ok,
common_voice_vi_42788008.mp3,Như là người bị mất hồn vậy,như là người bì mất hồn vậy,0.14285714285714285,0.037037037037037035,ok,
common_voice_vi_23933045.mp3,nhà thơ và nhà báo,nhà thơ và nhà báo,0.0,0.0,ok,
common_voice_vi_24121896.mp3,Mong ước làm sao để kuman có thể giúp đỡ được,mong ước làm sao để kuman có thể giúp đỡ được,0.0,0.0,ok,
common_voice_vi_43369649.mp3,Bà tâm hóa thành một làn sương mỏng tan biến dần vào không trung,bà tâm hóa thành một lần sương mỏng tang biến dần trong không trung,0.21428571428571427,0.09375,ok,
common_voice_vi_31450151.mp3,Bà khóa chặt tay của cô gái và rít lên,mà khóá chặt tay của cô gái và rít lên,0.2,0.05263157894736842,ok,
common_voice_vi_25723352.mp3,Thu sắp tàn lá vẫn rơi mê mải,thu sắptàn lá vẫn rơi mê mải,0.25,0.034482758620689655,ok,
common_voice_vi_24172935.mp3,Xôi hỏng bỏng không,xôi hỏng bỏng không,0.0,0.0,ok,
common_voice_vi_23925072.mp3,Lúc này Trinh cũng đang từ trên tầng đi xuống,lúc này trinh cũng đang từ trên tầng đi xuống,0.0,0.0,ok,
common_voice_vi_24172109.mp3,Bà nói cách đây hơn một tháng,bà nói cách đây hơn một tháng,0.0,0.0,ok,
common_voice_vi_43303835.mp3,con người việt nam thân thiện,con người việt nam thân thệ,0.16666666666666666,0.06896551724137931,ok,
common_voice_vi_24124534.mp3,Chuyển bệnh nhân đến phòng theo dõi đặc biệt,chuyển bệnh nhân đến phòng theo dõi đặc biệt,0.0,0.0,ok,
common_voice_vi_24226622.mp3,sự nhẫn nại,sự nhẫn nại,0.0,0.0,ok,
common_voice_vi_40015674.mp3,Nếu nhà có phúc,méu nhà ô tốt,0.75,0.5333333333333333,ok,
common_voice_vi_24144161.mp3,mọi thứ thật lộn xộn,mọi thứ thật lộn xộn,0.0,0.0,ok,
common_voice_vi_42723137.mp3,Tháng Mười đêm vắng lê thê,tháng mười đêm bắng lâ thê,0.3333333333333333,0.07692307692307693,ok,
common_voice_vi_23901477.mp3,Ai vừa nói vậy,ai vừa nói vậy,0.0,0.0,ok,
common_voice_vi_25226033.mp3,Ai mà chưa từng nghe cái chuyện ma quái chứ,ai mà chưa từn nghe tái chuyện ma quái chứ,0.2,0.046511627906976744,ok,
common_voice_vi_21838514.mp3,Mày Đừng tránh tao được không,mày đừng tránh tao được không,0.0,0.0,ok,
common_voice_vi_25542120.mp3,Áo bay rải nắng một chiều,áo bay gãi nắng một chiều,0.16666666666666666,0.08,ok,
common_voice_vi_24142449.mp3,Cậu không phải lo,cậu không phải lo,0.0,0.0,ok,
common_voice_vi_24106570.mp3,Người yêu về mà không có nhận ra sao,người yêu về mà không có nhận ra sao,0.0,0.0,ok,
common_voice_vi_44052561.mp3,Đời là bể khổ biết mô là bến là bờ,đời là bề khổ biết mô là biến là bở,0.3,0.08823529411764706,ok,
common_voice_vi_43303978.mp3,Lòng chợt buồn như mới thoáng chia phôi,ầm chật buồn như mới tháng chia phôi,0.375,0.15384615384615385,ok,
common_voice_vi_24298931.mp3,Hà vội vàng gọi,hà vội vàng gọi,0.0,0.0,ok,
common_voice_vi_24425946.mp3,cuộc chiến thật tàn khốc,cuộc chiến thật tàn khóc,0.2,0.041666666666666664,ok,
common_voice_vi_28963565.mp3,"Tháng Mười, em đến thật rồi",tháng mười em đến thật rồi,0.0,0.0,ok,
common_voice_vi_24174245.mp3,"- Yêu, là chết ở trong lòng một ít",yêu là chết ở trong lòng một ít,0.0,0.0,ok,
common_voice_vi_42788729.mp3,À mà quên,à mà quên,0.0,0.0,ok,
common_voice_vi_25226463.mp3,Chưa hề ghi nhớ,chưa hề ghi nhớ,0.0,0.0,ok,
common_voice_vi_24105897.mp3,Cả chiếc xe tải cũng mất hút luôn,cả chiếc xe tải cũng mất hút luôn,0.0,0.0,ok,
common_voice_vi_43303988.mp3,Thấy xe tông nhau mà bắt sợ,thấy xe tông nhau mà bắt sợ,0.0,0.0,ok,
common_voice_vi_23925117.mp3,Chinh có hỏi thì được biết song trai vẫn đang làm ở chỗ cũ,chinh có hỏi thì được biết song trai vẫn đang làm ở chỗ cũ,0.0,0.0,ok,
common_voice_vi_31450085.mp3,Đẹp tâm hồn đâu cứ phải thật xinh,đẹp tâm hồn đâu cứ phải thật sinh,0.125,0.030303030303030304,ok,
common_voice_vi_24363079.mp3,Khôn hồn thì mau đưa anh chàng tên phong đó về đây,khôn hồn thì mau đưa anh chàng tên phong đó về đây,0.0,0.0,ok,
common_voice_vi_23925100.mp3,Ngày trước lúc tao mới sinh ra,ngày trước lúc tao mới sinh ra,0.0,0.0,ok,
common_voice_vi_42788058.mp3,"Trời sao trời ở không cân, người ăn không hết, kẻ mần không ra",trời sáo trời ở không cưng người ăn không hiệp kẻ mừng không ra,0.2857142857142857,0.13333333333333333,ok,
common_voice_vi_24358643.mp3,Làm ơn cho con đi lên,làm ơn cho con đi lên,0.0,0.0,ok,
common_voice_vi_24280833.mp3,Điều ấy càng khiến cho quân cảm kích,điều ấy càng khiến cho quân cảm kích,0.0,0.0,ok,
common_voice_vi_24124186.mp3,Chúng tôi đang chở nhau đi sắm đồ cưới,chúng tôi đang chở nhau đi sắm đồ cưới,0.0,0.0,ok,
common_voice_vi_24388763.mp3,Cô không lời từ giã,cô không lời từ giã,0.0,0.0,ok,
common_voice_vi_25227105.mp3,Cô không lời từ giã,cô không lời từ dã,0.2,0.10526315789473684,ok,
common_voice_vi_24280773.mp3,kiểu chết bất đắc kì tử này thì kinh lắm,kiểu chết bất đắc kỳ tử này thì kinh lắm,0.1,0.025,ok,
common_voice_vi_27501155.mp3,Trời tháng mười e ấp những vì sao,trời tháng mười e ấp những vì sao,0.0,0.0,ok,
common_voice_vi_24358640.mp3,Mời bạn đến thăm.,mời bạn đến thăm,0.0,0.0,ok,
common_voice_vi_24144208.mp3,dạ tiền thừa của chị đấy ạ,dạ tiền từa của chị đấy ạ,0.14285714285714285,0.038461538461538464,ok,
common_voice_vi_22402503.mp3,Có cái chuyện ban nãy là tao nói thật đấy,có cái chuyện ban nảy là tao nói thật đấy,0.1,0.024390243902439025,ok,
common_voice_vi_25226071.mp3,sẽ có một sợi dây liên kết ngày càng mạnh mẽ,sẽ có một sợ dây lên kết ngày càng mạnh mẽ,0.18181818181818182,0.045454545454545456,ok,
common_voice_vi_24226577.mp3,Ông cụ nheo đôi mắt đáp lại,ông cụ nheo đôi mắt đáp lại,0.0,0.0,ok,
common_voice_vi_42788115.mp3,Cô chủ quán nhớ Tên của bà ta không,có chụ quảng nhờ tên của bata không,0.6666666666666666,0.2,ok,
common_voice_vi_38569184.mp3,Mọi người hãy ở nhà tìm kiếm thằng bé hộ ta,mọi người hay ở nhà tiềm kiếm thầng bé hộ ta,0.2727272727272727,0.09302325581395349,ok,
common_voice_vi_25132811.mp3,Nhưng mà thấy bạn đang ngủ,nhưng mà thấy bạn đang ngủ,0.0,0.0,ok,
common_voice_vi_24171821.mp3,Một hôm khi đang ngủ,một hôm khi đang ngủ,0.0,0.0,ok,
common_voice_vi_24362850.mp3,Không có xảy ra chuyện gì cả,không có xảy ra chuyện gì cả,0.0,0.0,ok,
common_voice_vi_23988650.mp3,Cho nên cười đáp:'Mùa hoa trắng,cho nên cười đáp mùa hoa trắng,0.0,0.0,ok,
common_voice_vi_23926845.mp3,Trinh vâng dạ đồng ý,trinh vâng dạ đồng ý,0.0,0.0,ok,
common_voice_vi_25132775.mp3,Đây là những người ở dưới xuôi lên để tham quan ngắm cảnh,đây là những người ở dưới xuôi lên để tham quan ngắm cảnh,0.0,0.0,ok,
common_voice_vi_25158105.mp3,em ngoan ngoãn xích gần thêm chút nữa.,em ngoan ngoãn sích gần thêm chút nữa,0.125,0.02702702702702703,ok,
common_voice_vi_24358683.mp3,tôi càng nghe càng không hiểu gì cả,tôi càng nghe càng không hiểu gì cả,0.0,0.0,ok,
common_voice_vi_24396682.mp3,Đến tối tất cả đều ngồi quây quần với nhau,đến tối tất cả đều ngồi quay quần với nhau,0.1,0.023809523809523808,ok,
common_voice_vi_24106458.mp3,Hà Ni Hốt Hoảng,hà ni hốt hoảng,0.0,0.0,ok,
common_voice_vi_24421806.mp3,Bà bói vẫn ăn mặc bình thường,và bói vẫn ăn mặc bình thường,0.14285714285714285,0.034482758620689655,ok,
common_voice_vi_24363043.mp3,Lại thêm có một bà bói người dân tộc sang,lại thêm có một bà bói người dân tộc sang,0.0,0.0,ok,
common_voice_vi_27128434.mp3,Cháy khát khao anh dâng tình sâu đậm,cháy khác khao anh dân tình sâu đậm,0.25,0.05555555555555555,ok,
common_voice_vi_42788050.mp3,Trăng hay tình lứa đôi?,trang hai tình lừa đối,0.8,0.18181818181818182,ok,
common_voice_vi_24255721.mp3,Cửa nhà hôm qua đã được khóa trái ở bên trong,cửa nhà hôm qua đã được khóa trái ở bên trong,0.0,0.0,ok,
common_voice_vi_21833262.mp3,Thế còn chuyện cầu xin tình cảm với anh chàng khi thị sao,thế còn chuyện cầu xin tình cảm với anh chàng khi thị sao,0.0,0.0,ok,
common_voice_vi_24388607.mp3,Nhận ra cái cuộc sống này vẫn còn nhiều thứ anh phải làm,nhận ra cái cuộc sống này vẫn còn nhiều thứ anh phải làm,0.0,0.0,ok,
common_voice_vi_42788637.mp3,chuyện thảo mất thầy giải thích là qua bốn mươi chín ngày,cruyền của thảo mất thay giải thích là quá bổn mưới chuyện ngày,0.5833333333333334,0.22807017543859648,ok,
common_voice_vi_23707415.mp3,Anh ta nheo đôi mắt rồi gật đầu,anh ta nheo đôi mắt rồi gật đấu,0.125,0.03225806451612903,ok,
common_voice_vi_27641281.mp3,Đó là tên riêng của bà mà cô gọi là Dã Quỳ đó,đó là tên riêng của bà mà cô gọi là dã quỳ đó,0.0,0.0,ok,
common_voice_vi_24125633.mp3,Mày sao thế,mày sao thế,0.0,0.0,ok,
common_voice_vi_23930788.mp3,Thì thôi xin gửi sóng,thì thôi xin gửi sống,0.2,0.047619047619047616,ok,
common_voice_vi_25132687.mp3,Có ai cứu giúp,có ai cứu giúp,0.0,0.0,ok,
common_voice_vi_24122124.mp3,Giúp ích nước non,giúp ích nước non,0.0,0.0,ok,
common_voice_vi_23392990.mp3,Some trai cố nói thêm,som trai cố nói thêm,0.2,0.047619047619047616,ok,
common_voice_vi_24362763.mp3,Qua bao cái Tết,qua bao cái tết,0.0,0.0,ok,
common_voice_vi_40189780.mp3,Phong cách phối đồ hiện đại,phong cách phối đồ hiện đại,0.0,0.0,ok,
common_voice_vi_23925111.mp3,Cô Hà Ni,cô hà ni,0.0,0.0,ok,
common_voice_vi_24172611.mp3,Tuổi con vừa lớn,tuổi con vừa lớn,0.0,0.0,ok,
common_voice_vi_24274521.mp3,Chỉ còn hàng cây,chỉ còn hàng cây,0.0,0.0,ok,
common_voice_vi_27640592.mp3,Trình tức tốc tìm đến,trình tức tóc tìm đến,0.2,0.047619047619047616,ok,
common_voice_vi_25158104.mp3,Tôi nói rồi,tôi nói rồi,0.0,0.0,ok,
common_voice_vi_24362950.mp3,lạ cái lúc về,lạ cái lúc về,0.0,0.0,ok,
common_voice_vi_24125620.mp3,Không còn đi khắp nơi tung tin đồn nhảm,không còn đi khắp nơi tung tin đồn nhãm,0.1111111111111111,0.02564102564102564,ok,
common_voice_vi_42787943.mp3,Mặt mày có vẻ u ám,mặt mày có vẻ u ắm,0.16666666666666666,0.05555555555555555,ok,
common_voice_vi_24388625.mp3,Thơ tình ngày không anh,thơ tình ngày không anh,0.0,0.0,ok,
common_voice_vi_24388744.mp3,tôi không phải người ý,tôi không phải người ý,0.0,0.0,ok,
common_voice_vi_25260807.mp3,Chẳng lẽ kumanthong là có sức mạnh đến vậy hay sao,chẳng lẽ kumanthong là có sức mạnh đến vậy hay sao,0.0,0.0,ok,
common_voice_vi_42758760.mp3,Thì tôi cũng được chút huênh hoang rồi!,thì tôi cũng được chút hoanh hoang rồi,0.125,0.05263157894736842,ok,
common_voice_vi_23930580.mp3,Mọi thứ vẫn còn y nguyên như Sáng nay cô sắp xếp,mọi thứ vẫn còn y nguyên như sáng nay cô sắp xếp,0.0,0.0,ok,
common_voice_vi_23930576.mp3,Mà có khi lại chẳng biết tại sao mình lại chết được,mà có khi lại chẳng biết tại sao mình lại chết được,0.0,0.0,ok,
common_voice_vi_25132843.mp3,Chỉ anh thôi ai để ý đâu mà,chỉ anh thôi ai để ý đâu mà,0.0,0.0,ok,
common_voice_vi_24121894.mp3,Bà tâm hóa thành một làn sương mỏng tan biến dần vào không trung,bà tâm hóa thành một làng sương mẫng tan biến gần vào không trung,0.21428571428571427,0.046875,ok,
common_voice_vi_28565090.mp3,Ta ngồi đong cả một trời kỷ niệm,tao ngồi đong cả một thời kỷ niệm,0.25,0.0625,ok,
common_voice_vi_23936357.mp3,Uống chưa hết ly nước,ống chưa hết ly nước,0.2,0.047619047619047616,ok,
common_voice_vi_23334650.mp3,Tôi thực sự lo lắng về con thanh,tôi thực sự lo lắng vậy con thanh,0.125,0.0625,ok,
common_voice_vi_24125636.mp3,Mọi người đều có chỗ để ở,mọi người đều có chỗ để ở,0.0,0.0,ok,
common_voice_vi_24012729.mp3,Nếu là Cái Thảo nó ở đó thật,nếu là cái thảo nó ở đó thật,0.0,0.0,ok,
common_voice_vi_40189743.mp3,Bước từng nhịp một hai như đang tiến vào ngôi làng,từng bước nhịp một hai như đang tiễng vào ngôn làn,0.45454545454545453,0.24,ok,
common_voice_vi_23933059.mp3,Mọi bạn ghé thăm,mọi bạn ghé thăm,0.0,0.0,ok,
common_voice_vi_23926865.mp3,Đợi làm gì ai biết trước mà mong.,đợi làm gì ai biết trước mà mong,0.0,0.0,ok,
common_voice_vi_24455847.mp3,Quan tâm đến mẹ,quan tâm đến mẹ,0.0,0.0,ok,
common_voice_vi_30358849.mp3,Ru tình ta đó thiết tha... nồng nàn.,du tình ta đó thiết tha nồng nàn,0.125,0.03125,ok,
common_voice_vi_24299061.mp3,Trên xe có tài xế và một cậu lơ xe và anh,trên xe có tài xế và một cậu lơ xe và anh,0.0,0.0,ok,
common_voice_vi_25225869.mp3,Chỉ có một mình bà ấy ở vậy thôi,chỉ có một mình bà ấy ở vậy thôi,0.0,0.0,ok,
common_voice_vi_25177633.mp3,giờ chẳng biết phải làm sao cả,giời trẳng biết phải làm sao cả,0.2857142857142857,0.1,ok,
common_voice_vi_25226654.mp3,Vừa chạm vào người cổ Quân,vừa chạn vào người cổ quân,0.16666666666666666,0.038461538461538464,ok,
common_voice_vi_24142445.mp3,Nhưng bướng bỉnh giấu buồn nơi đáy mắt,nhưng bướng bỉnh giấu buồn nơi đáy mắt,0.0,0.0,ok,
common_voice_vi_27616673.mp3,Lại nhớ anh nào phải không,lại nhớ anh nào phải không,0.0,0.0,ok,
common_voice_vi_23988539.mp3,Ở đây cũng mới có điện lắp về,ở đây cũng mới có điện lắp về,0.0,0.0,ok,
common_voice_vi_25226440.mp3,Bố em lúc ấy chen ngang,bố em lúc ấy chen ngan,0.16666666666666666,0.043478260869565216,ok,
common_voice_vi_42788134.mp3,phản xạ,khản xạ,0.5,0.14285714285714285,ok,
common_voice_vi_42787934.mp3,Thì qua nhiều đêm dù là liễu quỷ không hại người,thì qua nhiều đêm dù là liều quỵ không hải người,0.2727272727272727,0.0625,ok,
common_voice_vi_24396560.mp3,Điều đầu tiên mà Trinh nghĩ đến đó chính là trộm,điều đầu tiên mà trinh nghĩ đến đó chính là trộm,0.0,0.0,ok,
common_voice_vi_28540837.mp3,Mùa thu cũng bớt úa vàng,mùa thu cũng bớt úa vàng,0.0,0.0,ok,
common_voice_vi_23406211.mp3,đám ma bọn tôi đến mà không thấy Trinh đâu cả,đám ma bọn tồi đến mà không thấy trinh đâu cả,0.09090909090909091,0.022222222222222223,ok,
common_voice_vi_22402619.mp3,Em chạy lên phía Thảo,em chạy lên phía thảo,0.0,0.0,ok,
common_voice_vi_24470403.mp3,Kuman nguy hiểm lắm mà sao mày biết,kuman quy hiểm lắm mà sao mày biết,0.125,0.05714285714285714,ok,
common_voice_vi_27640049.mp3,Tiếng thời gian chìm hút giữa hư vô,tiếng thời gian chìm hút giữa hư vô,0.0,0.0,ok,
common_voice_vi_42787989.mp3,Ấu quân thường có các Phụ chính đại thần phò tá,áo quân thường có các phụ chính đại thần phàt á,0.2727272727272727,0.10638297872340426,ok,
common_voice_vi_27619182.mp3,Cô cứ đưa cậu ấy về đi,cô cứn đưa cấu ấy về đi,0.2857142857142857,0.09090909090909091,ok,
common_voice_vi_23930601.mp3,Tiếng nói dịu hiền,tiếng nói dịu hiền,0.0,0.0,ok,
common_voice_vi_25723274.mp3,Tháng mười một mà lòng sao trống vắng,tháng mười một mà lòng sao trống vắng,0.0,0.0,ok,
common_voice_vi_24125655.mp3,Hoặc là chết bất đắc kỳ tử,hoặc là chết bất đắc kỳ tử,0.0,0.0,ok,
common_voice_vi_23901474.mp3,Xong xuôi Trinh lấy ra những bánh kẹo mới nhất,xong xuôi trinh lấy ra những bánh kẹo mới nhất,0.0,0.0,ok,
common_voice_vi_24298873.mp3,Nó chỉ vào chỗ đằng gốc cây nhưng không thấy ai cả,nó chỉ vào chỗ đằng gốc cây nhưng không thấy ai cả,0.0,0.0,ok,
common_voice_vi_25117283.mp3,Con,con,0.0,0.0,ok,
common_voice_vi_24124116.mp3,tất cả phải ở lại,tất cả phải ở lại,0.0,0.0,ok,
common_voice_vi_43303837.mp3,Đau dậy cần có đồ bổ để ăn lại sức,đau dậy cầnh có đồ bộ để anh lại sức,0.3,0.11764705882352941,ok,
common_voice_vi_25132360.mp3,Được nhi bày biện không thiếu một thứ gì,được nhi bày biện không thiếu một thứ gì,0.0,0.0,ok,
common_voice_vi_23926904.mp3,tay còn lại Phương kéo chăn chùm lên đầu,tay còn lại phương kéo chăn chùm lên đầu,0.0,0.0,ok,
common_voice_vi_25721645.mp3,Hà Ni cảm thấy hơi bực,hà ni cảm thấy hơi bực,0.0,0.0,ok,
common_voice_vi_42788010.mp3,Thì là cô ấy,thì là cô ấy,0.0,0.0,ok,
common_voice_vi_24142459.mp3,Phía bên ngoài cửa có ai đó đang đứng,phía bên ngoài cửa có ai đó đang đứng,0.0,0.0,ok,
common_voice_vi_27701124.mp3,Thôi em xin đấy,thôi em xin đấy,0.0,0.0,ok,
common_voice_vi_24173053.mp3,Em lúc bấy giờ mới nhớ lại lời của Thảo nói đêm qua,em lúc bấy giờ mới nhớ lại lời của thảo nói đêm qua,0.0,0.0,ok,
common_voice_vi_23926806.mp3,Cơn lạnh nào cũng ấm nếu có đôi,cơn lạnh nào cũng ấm nếu có đôi,0.0,0.0,ok,
common_voice_vi_31450204.mp3,Chỉ còn nghe tiếng ngoài hiên lá đổ,chỉ còn nghe tiếng ngoài khiên lá đổ,0.125,0.02857142857142857,ok,
common_voice_vi_43303962.mp3,Ăn mặc bảnh chọe để tới nhà bạn gái,anh mặc bạn chọẻ để tới nhà bạnh gái,0.4444444444444444,0.17142857142857143,ok,
common_voice_vi_23669920.mp3,Hà quay lại nhìn như không thấy gì cả,hà qua lại nhìn như không thấy gì cả,0.1111111111111111,0.02702702702702703,ok,
common_voice_vi_24304435.mp3,Năm nào cũng sai trĩu quả,năm nào cũng sai trĩu quả,0.0,0.0,ok,
common_voice_vi_24125402.mp3,Mẹ biết bây giờ con đã mạnh hơn trước,mẹ biết bây giờ con đá mạnh hơn trước,0.1111111111111111,0.02702702702702703,ok,
common_voice_vi_23406215.mp3,Đôi chân của cô trùng xuống và khép lại,đôi cân của cô chùng chuống và khép lại,0.3333333333333333,0.1282051282051282,ok,
common_voice_vi_23989269.mp3,Tao kể cho mày biết giấc mơ của tao đâu,tao kể cho mày biết giấc mơ của tao đâu,0.0,0.0,ok,
common_voice_vi_40249445.mp3,Thơ về gia đình cho bé,thôi vềi gia đình cho bé,0.3333333333333333,0.13636363636363635,ok,
common_voice_vi_21833347.mp3,Vần vũ mây che đèn cao áp chập chờn,vần vũ mây che đèn cao áp chập trờn,0.1111111111111111,0.05714285714285714,ok,
common_voice_vi_24122130.mp3,cả nhà em hôm ấy vui lắm,cả nhà em hôm ấy vui lắm,0.0,0.0,ok,
common_voice_vi_25132066.mp3,toàn thân của Trinh đổ mồ hôi lạnh,toàn thân của trịnh đổ mồ hôi lạnh,0.125,0.029411764705882353,ok,
common_voice_vi_40189799.mp3,Để cho tình đẹp đẹp hơn,đểy cho tình đẹp đẹp hơn,0.16666666666666666,0.043478260869565216,ok,
common_voice_vi_25158242.mp3,Vậy thì nó không có sai được,vậy thì nó không có sai được,0.0,0.0,ok,
common_voice_vi_42788663.mp3,Đổ giá xong làm dưa ăn xổi mới ngon,độ giả sống làm dư án sột mời ngon,0.7777777777777778,0.2857142857142857,ok,
common_voice_vi_24398664.mp3,Đôi mắt của trinh trở nên sắc lạnh đáng sợ,đôi mắt của trinh trở nên sắc lạnh đáng sợ,0.0,0.0,ok,
common_voice_vi_22402717.mp3,chinh lúc này mới Giật mình nhìn sang bên cạnh,chinh lúc này mới giật mình nhìn sang bên cạnh,0.0,0.0,ok,
common_voice_vi_25722066.mp3,Vậy mà khi nghe câu nói đó anh đã liền hỏi,vậy mà khi nghe câu nói đó anh đã liền hỏi,0.0,0.0,ok,
common_voice_vi_24106396.mp3,Tìm kiếm thầy giỏi nhất để đến xem,tìm kiếm thầy giỏi nhất để đến xem,0.0,0.0,ok,
common_voice_vi_42788028.mp3,chắc con này cũng thuộc loại đó,chắc con này vùng thuộc loài đó,0.2857142857142857,0.0967741935483871,ok,
common_voice_vi_40332734.mp3,Gửi lòng theo hạt mưa bay,gửi lòng theo  mưa bay,0.16666666666666666,0.16,ok,
common_voice_vi_23932984.mp3,Hoặc những trường hợp của cháu thảo,hoặc những trường hợp của cháu thảo,0.0,0.0,ok,
common_voice_vi_40189786.mp3,Giáo án mầm non chủ đề Thơ Tình bạn,giấi mầm non chủ đề thơ tình bạn,0.2222222222222222,0.14285714285714285,ok,
common_voice_vi_25132692.mp3,bà ấy đâu rồi,bà ấy đâu rồi,0.0,0.0,ok,
common_voice_vi_42788299.mp3,Bà ấy đã giúp tôi,bà ấy đã giúp tôi,0.0,0.0,ok,
common_voice_vi_24144225.mp3,Nửa giờ sau,nửa giờ sau,0.0,0.0,ok,
common_voice_vi_23988880.mp3,Sân khấu,tân khấu,0.5,0.125,ok,
common_voice_vi_24012728.mp3,Tuổi tôi như vậy bị gọi là quỷ già thì cũng đúng thôi,tuổi tôi như vậy bị gọi là quỷ già thì cũng đúng thôi,0.0,0.0,ok,
common_voice_vi_24172936.mp3,Tin tưởng người ta nói linh tinh,tin tưởng người ta nói linh tinh,0.0,0.0,ok,
common_voice_vi_25721967.mp3,Tháng mười vương mùi hoa sữa,tháng mười vương mùi hoa sữa,0.0,0.0,ok,
common_voice_vi_24162853.mp3,Nó sẽ giúp cô thực hiện những yêu cầu,nó sẽ giúp cô thực hiện những yêu cầu,0.0,0.0,ok,
common_voice_vi_24142498.mp3,tối nay chúng ta ngồi ở đó làm lễ được không,tối nay chúng ta ngồi ở đó làm lễ được không,0.0,0.0,ok,
common_voice_vi_23392028.mp3,Nó chỉ còn là dấu vết không hồn,nó chỉ còn à rố ết phông hồn,0.5,0.1935483870967742,ok,
common_voice_vi_27641036.mp3,Tuấn suýt kêu lên nhưng kịp kiểm chế lại,tuấn xích kêu lên nhưng kịp kiệm chế lại,0.2222222222222222,0.125,ok,
common_voice_vi_42788051.mp3,Ôi thật tuyệt vời,vô ấ thật tuyệt vậy,0.75,0.29411764705882354,ok,
common_voice_vi_23847777.mp3,và nhất quyết không thưa,và nhất quyết không thưa,0.0,0.0,ok,
common_voice_vi_24440254.mp3,Hà Ni nghe cách anh ta nói chuyện thì đã xác định rõ,hà ni nghe cách anh ta nói chuyện thì đã xác định rõ,0.0,0.0,ok,
common_voice_vi_24425786.mp3,Mẹ Mẹ ơi con đây con đây mà mẹ,mẹ mẹ ơi con đây con đây mà mẹ,0.0,0.0,ok,
common_voice_vi_40333023.mp3,Vậy mà khi ra tay thì bà dạ quỳ thật nhanh,vậy mà khi ra tay thì bà dã quỳ đhực nhăn,0.2727272727272727,0.14285714285714285,ok,
common_voice_vi_25226010.mp3,Con đã thêm cao,con đã thêm cao,0.0,0.0,ok,
common_voice_vi_24106596.mp3,Trinh có phần hoang mang,trinh có phần hoang mang,0.0,0.0,ok,
common_voice_vi_25226438.mp3,quỷ đã đánh đổi con bé ấy những thứ mà cháu muốn,quỷ đã đánh đổi con bé ấy những thứ mà cháu muốn,0.0,0.0,ok,
common_voice_vi_25132702.mp3,Những giọt mưa nặng hạt rơi tý tách,những giọt mưa nặng hạt rơi ký tách,0.125,0.02857142857142857,ok,
common_voice_vi_23926721.mp3,Vô tình anh gặp em,vô tình anh gặp em,0.0,0.0,ok,
common_voice_vi_27640367.mp3,Nghiêng bên nào cũng nhớ quá Thu ơi!,nghiêng bên nào cũng nhớ quá thu ơi,0.0,0.0,ok,
common_voice_vi_24173845.mp3,đến bây giờ cô chú vẫn không thể tưởng tượng ra nổi,đến bây giờ cô chú vẫn không thể tưởng tượng ra nỗi,0.08333333333333333,0.0196078431372549,ok,
common_voice_vi_24122559.mp3,Sao mày cứ chạy trốn tao,sao mày cứ chạy trốn tao,0.0,0.0,ok,
common_voice_vi_24226575.mp3,bà ấy chép miệng rồi móc trong túi ra một viên đá rồi nói,bà ấy chép miệng rồi móc trong túi ra một viên đá rồi nói,0.0,0.0,ok,
common_voice_vi_25721863.mp3,Trời Đông lạnh mây mưa buồn ủ rũ.,trời đông lạnh mây mưa buồn ủ rủ,0.125,0.03125,ok,
common_voice_vi_23932956.mp3,Con muốn gì mẹ cũng sẽ đáp ứng,con muốn gì mẹ cũng sẽ đáp ứng,0.0,0.0,ok,
common_voice_vi_23930680.mp3,Con ngủ bình yên,con ngủ bình yên,0.0,0.0,ok,
common_voice_vi_24455887.mp3,Ngoài tiếng mưa tiếng gió ở bên ngoài,ngoài tiếng mưa tiếng gió ở bên ngoài,0.0,0.0,ok,
common_voice_vi_24122176.mp3,thì sẽ biến thành tay sai cho nó,thì sẽ biến thành tay sai cho nó,0.0,0.0,ok,
common_voice_vi_22416751.mp3,Nên hà ni đã phải kêu đau đớn,nên hà ni đã phải kêo đâu đớn,0.25,0.06896551724137931,ok,
common_voice_vi_35487089.mp3,Anh chàng lắc đầu,ăng chàng lắc đầu,0.25,0.11764705882352941,ok,
common_voice_vi_24440079.mp3,Những thăng trầm cuộc sống mãi đẩy xô,những thăng trầm cuộc sống mãi đẩy xô,0.0,0.0,ok,
common_voice_vi_22402603.mp3,nhưng do sợ nên Trinh không dám nhận đó là bạn của mình,nhưng do sợ nên trinh không dám nhận đó là bạn của mình,0.0,0.0,ok,
common_voice_vi_25092556.mp3,chăm học chăm làm,chăm học chăm làm,0.0,0.0,ok,
common_voice_vi_24280803.mp3,Ngồi đi uống gì để tao kêu,ngồi đi uống gì để tao kêu,0.0,0.0,ok,
common_voice_vi_23734635.mp3,Nghe thấy tiếng gọi mà không thế nào phát ra để trả lời,nghe thấy tiếng gọi mà không thế nào fap ra để trả lời,0.07692307692307693,0.07272727272727272,ok,
common_voice_vi_25226498.mp3,Mẹ nghe này,mẹ nghe này,0.0,0.0,ok,
common_voice_vi_23930683.mp3,Những nắng cùng mưa,những nắng cùng mưa,0.0,0.0,ok,
common_voice_vi_24280835.mp3,Cháu là hà ni,cháu là hà ni,0.0,0.0,ok,
common_voice_vi_22417056.mp3,Bởi vì họ cũng bị chẻ mắt,bởi vì họ cũng bị chẻ mắt,0.0,0.0,ok,
common_voice_vi_24331621.mp3,bởi vậy chúng ta mới cần cố gắng,bởi vậy chúng ta mới cần cố gắng,0.0,0.0,ok,
common_voice_vi_24363035.mp3,Cô bé này tới số,cô bé này tới số,0.0,0.0,ok,
common_voice_vi_28551373.mp3,Dịu dàng đón ánh bình minh,dịu dàng đón ánh bình minh,0.0,0.0,ok,
common_voice_vi_24363057.mp3,Không nhìn vào mắt em,không nhìn vào mắt em,0.0,0.0,ok,
common_voice_vi_21833254.mp3,Thả hổ về rừng,thả hổ về dừng,0.25,0.07142857142857142,ok,
common_voice_vi_42787957.mp3,"Cấm ăn trâu kẹ, cấm nghé leo đường",cầm mát trong kè cầm nghệ lêo đường,0.875,0.3333333333333333,ok,
common_voice_vi_24172506.mp3,Kể từ lúc gặp quân khi đầu tối,kể từ lúc gặp quân khi đầu tối,0.0,0.0,ok,
common_voice_vi_40332659.mp3,"Kiếm mãi, nghi hoài, hay ghen bóng gió",kiếm mãi nghi hoài hay ghen bóng gió,0.0,0.0,ok,
common_voice_vi_43407218.mp3,Đừng báng bổ thần thánh,đừng bán bộ thành tháng,0.8,0.21739130434782608,ok,
common_voice_vi_25092422.mp3,Như là người bị mất hồn vậy,như là người bị mất hồn vậy,0.0,0.0,ok,
common_voice_vi_38569192.mp3,Can đảm lên em đừng tự khổ mình,đang đảm lên em đường tử khổ mình,0.375,0.16129032258064516,ok,
common_voice_vi_24088181.mp3,Tôi biết em rất buốt đôi bàn tay,tôi biết em rất buốt đôi bàn tay,0.0,0.0,ok,
common_voice_vi_24171870.mp3,Chiếc xe chở hàng từ Đà Lạt về qua đây,chiếc xe chở hàng từ đà lạt về qua đây,0.0,0.0,ok,
common_voice_vi_42788839.mp3,Hà Ni Hốt Hoảng,hà ni hục hật,0.5,0.4,ok,
common_voice_vi_24012725.mp3,- Kìa bao người yêu mới,kìa bao người yêu mới,0.0,0.0,ok,
common_voice_vi_24173806.mp3,Nhưng nếu gặp ngày buồn rầu đau đớn,nhưng nếu gặp ngày buồn rầu đau đớn,0.0,0.0,ok,
common_voice_vi_24121869.mp3,Không nhìn vào mắt em,không nhìn vào mắt em,0.0,0.0,ok,
common_voice_vi_43303829.mp3,khiến cho cả hai gã cứ phải lục đi lục lại sợ sót,khiến cho cả hai gã cứ phải lục đi lục lại sợ sót,0.0,0.0,ok,
common_voice_vi_25950331.mp3,Sẽ tồn tại đến hết ngày đoạn tháng,sẽ tồn tại đến hết ngày đoàn tháng,0.125,0.029411764705882353,ok,
common_voice_vi_24226536.mp3,Nhưng mà cứ nghe cô ấy nói hết đã,nhưng mà cứ nghe cô ấy nói hết đã,0.0,0.0,ok,
common_voice_vi_24280807.mp3,Ru phím miên tình trong bóng mưa...,ru phím min tình trong bóng mưa,0.14285714285714285,0.03125,ok,
common_voice_vi_24142457.mp3,Anh chàng chính là người thành thị,anh chàng chính là người thành thị,0.0,0.0,ok,
common_voice_vi_23926726.mp3,Lên núi đặt lờ,lên núi đặt lờ,0.0,0.0,ok,
common_voice_vi_23933063.mp3,Em muốn khóc thì em cứ khóc đi!,em muốn khóc thì em cứ khóc đi,0.0,0.0,ok,
common_voice_vi_24363034.mp3,Trinh cũng lại gần rồi hỏi,trinh cũng lại gần rồi hỏi,0.0,0.0,ok,
common_voice_vi_24304483.mp3,Nhưng Xem chừng anh lại ngại,nhưng xem chừng anh lại ngại,0.0,0.0,ok,
common_voice_vi_25154517.mp3,Chẳng thề nguyện mà không hề giả dối,chẳng thề nguyện mà không ghề dạ dối,0.25,0.1111111111111111,ok,
common_voice_vi_42788332.mp3,Rằm mồng một Phật tử ở Huế đều ăn lạt,nhằm mừng một thựp từ ở về điều ăn lại,0.7,0.32432432432432434,ok,
common_voice_vi_24358780.mp3,Thành đô hoa lệ,thành đô hoa lệ,0.0,0.0,ok,
common_voice_vi_28093834.mp3,Sao trong lòng cứ vời vợi mông lung,sao trong lòng cứ vời vợi mông lung,0.0,0.0,ok,
common_voice_vi_24125602.mp3,Bóng đen đó đưa bàn tay về phía của em,bóng đen đó đưa bàn tay về phía của em,0.0,0.0,ok,
common_voice_vi_23933019.mp3,Đoàn chúng tôi như đã biết,đoàn chúng tôi như đã biết,0.0,0.0,ok,
common_voice_vi_24227691.mp3,xạ thủ,xạ thủ,0.0,0.0,ok,
common_voice_vi_31450178.mp3,Động tác khóa tay đó có lẽ quá mạnh,động tác khóa tay đó có lẽ quá mạnh,0.0,0.0,ok,
common_voice_vi_24304442.mp3,sao liên quan đến con ma nào nữa hả cô,sao liên quan đến con ma nào nữa hả cô,0.0,0.0,ok,
common_voice_vi_24012768.mp3,kẻo tao lại mang tiếng là đưa chuyện,kẻo tao lại mang tiếng là đưa chuyện,0.0,0.0,ok,
common_voice_vi_24425679.mp3,Chỉnh lại xuống rồi bất tỉnh,chỉnh lại xuống rồi bất tỉnh,0.0,0.0,ok,
common_voice_vi_24304426.mp3,Trăm người bán vạn người mua.,trăm người bán vạn người mua,0.0,0.0,ok,
common_voice_vi_25132852.mp3,Những tấm hình được chụp từ góc xa,những tấm hình được chụp từ góc xa,0.0,0.0,ok,
common_voice_vi_25092584.mp3,Thân hình thì toàn là những áo ngâm máu mà thôi,thân hình thì toàn là những áo ngâm máu mà thôi,0.0,0.0,ok,
common_voice_vi_24255754.mp3,Tan theo dòng thời gian,tan theo dòng thời gian,0.0,0.0,ok,
common_voice_vi_25226060.mp3,Mới làm lễ kiệu vong lên được,mới làm lễ kiệu vong lên được,0.0,0.0,ok,
common_voice_vi_38565720.mp3,Cho Em đừng lo nghĩ chuyện trăm năm,do em đừng lo nghĩ truyện trăm năm,0.25,0.11428571428571428,ok,
common_voice_vi_24125606.mp3,Người khác cho tiền hỏi chỗ tao cũng không hé răng,người khác cho tiền hỏi chỗ tao cũng không hé răng,0.0,0.0,ok,
common_voice_vi_25722091.mp3,Muốn ngỏ lời mà sao tôi thật ngốc,muốn gọ lời mà sao tôi thật ngóc,0.25,0.09090909090909091,ok,
common_voice_vi_24172544.mp3,Ngay cả đến việc thở lúc này chị cũng không dám thở mạnh,ngay cả đến việc thở lúc này chỉ cũng không dám thở mạnh,0.07692307692307693,0.017857142857142856,ok,
common_voice_vi_23926725.mp3,tình yêu,tình yêu,0.0,0.0,ok,
common_voice_vi_24142076.mp3,Em không biết gọi bà ấy kiểu gì nữa,em không biết gọi bà ấy kiểu gì nữa,0.0,0.0,ok,
common_voice_vi_24172425.mp3,Cô bạn thân nhất của Nhi,cô bạn thân nhất của nhi,0.0,0.0,ok,
common_voice_vi_23988485.mp3,Câu chuyện có tựa đề là bán linh hồn cho quỷ,câu chuyện có tựa đề là bán linh hồn cho quỷ,0.0,0.0,ok,
common_voice_vi_25177586.mp3,Lời nói thoảng gió bay,lời nói thoảng gió bay,0.0,0.0,ok,
common_voice_vi_24125711.mp3,Hóa ra sự việc là như vậy,hóa ra sự việc là như vậy,0.0,0.0,ok,
common_voice_vi_34008877.mp3,Không chỉ vậy nó còn cười nói một cách rất tự nhiên,không chỉ vậy nó cần cờa nói một cách rất tự nhiê,0.25,0.0784313725490196,ok,
common_voice_vi_24012747.mp3,Mở chiếc cửa sổ căn nhà của nó ra nhìn,mở chiếc cửa sổ căn nhà của nó ra nhìn,0.0,0.0,ok,
common_voice_vi_24172675.mp3,Lúc nãy trinh còn nhìn rõ ràng cửa đã được đóng,lúc nãy trinh còn nhìn rõ ràng cửa đã được đống,0.09090909090909091,0.02127659574468085,ok,
common_voice_vi_24358656.mp3,Trinh ngạc nhiên,trinh ngạc nhiên,0.0,0.0,ok,
common_voice_vi_22402321.mp3,"quá khứ anh, anh không nhắc cùng em.",quá khứ anh anh không nhắc cùng em,0.0,0.0,ok,
common_voice_vi_25177321.mp3,Một điệu cười khiến cho Hà phải run sợ,một điệu cười khiến cho hà phải run sợ,0.0,0.0,ok,
common_voice_vi_24124590.mp3,Để dặn dò mình trước,để dặn dò mình trước,0.0,0.0,ok,
common_voice_vi_23392030.mp3,chị đừng có đổ tiếng oan cho nó,chị lờng có đổ tiếu an cho nó,0.375,0.16129032258064516,ok,
common_voice_vi_24388771.mp3,Sinh li tử biệt,sinh li tử biệt,0.0,0.0,ok,
common_voice_vi_25092443.mp3,ôi con ơi con mở mắt rồi sao,ôi con ơi con mở mắt rồi sao,0.0,0.0,ok,
common_voice_vi_24440056.mp3,Nghe hà ni nói như vậy,nghe hà ni nói như vậy,0.0,0.0,ok,
common_voice_vi_24124172.mp3,Đêm nay tôi hiểu thì tôi đã,đêm nay tôi hiểu thì tôi đã,0.0,0.0,ok,
common_voice_vi_42788004.mp3,Tháng mười rồi mình cùng sánh bước chung,tháng mười rồi mình cùng sảng bược chông,0.375,0.1,ok,
common_voice_vi_24012804.mp3,Nhưng không ai có thể hiểu được rằng,nhưng không ai có thể hiểu được rằng,0.0,0.0,ok,
common_voice_vi_25092656.mp3,Tiếng nói dịu hiền,tiếng nói dịu hiền,0.0,0.0,ok,
common_voice_vi_24388673.mp3,Thì hôm nay nó trơ lì,thì hôm nay nó trơ lì,0.0,0.0,ok,
common_voice_vi_42788403.mp3,Sao anh vội về ngay?,sao anh vừi về ngáy,0.4,0.10526315789473684,ok,
common_voice_vi_24440130.mp3,cho anh nghe đôi hàm ngọc của răng ;,cho anh nghe đôi hàm ngọc của răng,0.0,0.0,ok,
common_voice_vi_24171787.mp3,Người trong bản đào một chiếc hố thật to để chôn tập thể,người trong bản đào một chiếc hố thật to để chôn tập thể,0.0,0.0,ok,
common_voice_vi_38569182.mp3,"Sao không cầm, và giữ cho riêng anh",sau không cầm và giữ cho riêng anh,0.125,0.029411764705882353,ok,
common_voice_vi_23078431.mp3,Mái tranh vàng võ,mái trân vàng võ,0.25,0.11764705882352941,ok,
common_voice_vi_24173129.mp3,Em không muốn chỉ là bạn của anh,em không muốn chỉ là bạn của anh,0.0,0.0,ok,
common_voice_vi_27973205.mp3,Thì cô con gái của chủ nhà lúc này đã trở ra,thì cô con gái của chủ nhà lúc này đã chở ra,0.08333333333333333,0.045454545454545456,ok,
common_voice_vi_24122292.mp3,Té nước theo mưa.,té nước theo mưa,0.0,0.0,ok,
common_voice_vi_23930787.mp3,Tổng hợp những bài thơ hay nhất,tổng hợp những bài thơ hay nhất,0.0,0.0,ok,
common_voice_vi_23932953.mp3,Những bài thơ tứ tuyệt hay nhất,những bài thơ tứ tuyệt hay nhất,0.0,0.0,ok,
common_voice_vi_24425731.mp3,Chỉ còn một là không còn gì hết,chỉ còn một là không còn gì hết,0.0,0.0,ok,
common_voice_vi_24398513.mp3,Không được nói dài,không được nói dài,0.0,0.0,ok,
common_voice_vi_24363009.mp3,Như cô đang xoa đầu một đứa trẻ nhỏ,như cô đang xoa đầu một đứa trẻ nhỏ,0.0,0.0,ok,
common_voice_vi_24172639.mp3,Ca vang ca mãi,ca vang ca mãi,0.0,0.0,ok,
common_voice_vi_23988591.mp3,Chỉnh mừng rỡ rồi nói,chỉnh mừng rỡ rồi nói,0.0,0.0,ok,
common_voice_vi_24125766.mp3,tôi không có tin đâu,tôi không có tin đâu,0.0,0.0,ok,
common_voice_vi_40332754.mp3,Tháng mười về em yêu ơi có biết,tháng mười về em yêu ơi kó biết,0.125,0.03225806451612903,ok,
common_voice_vi_24124207.mp3,Để cho duyên dáng ngọc ngà bên anh,để cho duyên dáng ngọc ngà bên anh,0.0,0.0,ok,
common_voice_vi_24226572.mp3,"nhìn lên trần nhà đột nhiên bật dạy, Phương gào lớn",nhìn lên trần nhà đột nhiên bật dạy phương gào lớn,0.0,0.0,ok,
common_voice_vi_24467780.mp3,thì Thảo chột dạ đạp nhanh hơn,thì thảo chột dạ đạp nhanh hơn,0.0,0.0,ok,
common_voice_vi_24255724.mp3,Này này trinh,này này trinh,0.0,0.0,ok,
common_voice_vi_23970561.mp3,Bà Thảo thì khuyên mọi người nên đi xem thầy khác,bà thảo thì khuyên mọi người nên đi xem thầy khác,0.0,0.0,ok,
common_voice_vi_24012786.mp3,nhưng cũng đoán được lí do liên quan đến thảo,nhưng cũng đoán được lý do liên quan đến thảo,0.1,0.022222222222222223,ok,
common_voice_vi_24172480.mp3,"Đừng hôn, dù thấy cánh hoa tươi",đừng hôn dù thấy cánh hoa tươi,0.0,0.0,ok,
common_voice_vi_25950332.mp3,Ru lòng ta say mê niềm hạnh phúc,du lòng ta say mê liền hạnh phúc,0.25,0.09375,ok,
common_voice_vi_42723070.mp3,Bố chồng tôi đã chỉ đường dẫn lối phù hộ,bố chồng tôi đã chỉ đường dận lối phù hộ,0.1,0.025,ok,
common_voice_vi_42788887.mp3,Anh nớ ẩu xỉ hun chị nớ rứa mà được vợ,ếnh n âu xi huống chị nà rửa mà được vờ,0.7272727272727273,0.23684210526315788,ok,
common_voice_vi_25257530.mp3,Thì làm sao mà làm được chứ,thì làm sao mà làm được chứ,0.0,0.0,ok,
common_voice_vi_24171909.mp3,còn vài ngày nữa thôi chứ không có xa mà chị,còn vài ngày nữa thôi chứ không có xa mà chị,0.0,0.0,ok,
common_voice_vi_24363014.mp3,Lối đi quen bỗng lạ,lối đi quen bỗng lạ,0.0,0.0,ok,
common_voice_vi_24396562.mp3,Thì chính bà đã gây ra cái chết cho họ,thì chính bà đã gây ra cái chết cho họ,0.0,0.0,ok,
common_voice_vi_23925105.mp3,tại sao lại thế cơ chứ,tại sao lại thế cơ chứ,0.0,0.0,ok,
common_voice_vi_25132553.mp3,mẹ lấy một chiếc khăn mát ốp lên mặt,mẹ lấy một chiếc khăn mát ốp lên mặt,0.0,0.0,ok,
common_voice_vi_24274453.mp3,Mà mày biết xe công nông cán qua mày bẹp đầu thế,mà mày biết xe công nông cán qua mày bẹp đầu thế,0.0,0.0,ok,
common_voice_vi_24398250.mp3,Từ sợ hãi chính bỗng dưng cười khúc khích,từ sợ hãi chính bỗng dưng cười khúc khích,0.0,0.0,ok,
common_voice_vi_24304411.mp3,Muốn sống tiếp thì phải nghe lời của ta,muốn sống tiếp thì phải nghe lời của ta,0.0,0.0,ok,
common_voice_vi_40249540.mp3,Có phải mẹ không ạ,có phải mẹ không ạ,0.0,0.0,ok,
common_voice_vi_23847776.mp3,mà khi đã bị bắt đi rồi thì không thể trở về,mà khi đã bị bắt đi rồi thì không thể trở về,0.0,0.0,ok,
common_voice_vi_24106789.mp3,Hái thuốc rồi nhặt bông giúp người ta,hái thuốc rồi nhặt bông giúp người ta,0.0,0.0,ok,
common_voice_vi_24280792.mp3,Thơ anh không thể dối,thơ anh không thể dối,0.0,0.0,ok,
common_voice_vi_24274505.mp3,Thua keo này bày keo khác,thua keo này bày keo khác,0.0,0.0,ok,
common_voice_vi_40189746.mp3,Thì tôi cũng được chút huênh hoang rồi!,thì tôi cũng được chút huynh hoang rồi,0.125,0.02631578947368421,ok,
common_voice_vi_31239308.mp3,"Em với hoa, với bao điều oan trái",em với hoa với bao điều oan trái,0.0,0.0,ok,
common_voice_vi_25225991.mp3,Đặt chiếc lọ thủy tinh có chứa kuman vẫn còn ở đó,đặt chiếc lọ thủy tinh có chứa kuman vẫn còn ở đó,0.0,0.0,ok,
common_voice_vi_24121597.mp3,Những vật tầm thường cũng viết thành thơ,những vật tầm thường cũng viết thành thơ,0.0,0.0,ok,
common_voice_vi_24227372.mp3,Cô ghen với tất cả mọi thứ xung quanh,cô ghen với tất cả mọi thứ xung quanh,0.0,0.0,ok,
common_voice_vi_24124542.mp3,Vì quán nằm ở trong hẻm,vì quán nằm ở trong hẻm,0.0,0.0,ok,
common_voice_vi_24227710.mp3,giờ chị muốn chúng tôi làm gì thì chị nói ra đi,giờ chị muốn chúng tôi làm gì thì chị nói ra đi,0.0,0.0,ok,
common_voice_vi_24363003.mp3,Vớ vẩn sao lại có những người như vậy chứ,vớ vẫn sao lại có những người như vậy chứ,0.1,0.024390243902439025,ok,
common_voice_vi_23930618.mp3,Vậy cô có phiền nếu mà tôi ngồi nói chuyện ở đây không,vậy có có phiền nếu mà tôi ngồi nói chuyện ở đây không,0.07692307692307693,0.018518518518518517,ok,
common_voice_vi_23932926.mp3,bọn cháu đến đây là để thăm Phương,bọn cháu đến đây là để thăm phương,0.0,0.0,ok,
common_voice_vi_24172333.mp3,cô thắp nhang mở sữa bóc bánh kẹo cho kuman ăn,cô thắp nhang mở sữa bóc bánh kẹo cho kuman ăn,0.0,0.0,ok,
common_voice_vi_25117281.mp3,nhà thơ và nhà báo,nhà thơ và nhà báo,0.0,0.0,ok,
common_voice_vi_24121680.mp3,Mái tóc mượt mà,mái tóc mượt mà,0.0,0.0,ok,
common_voice_vi_42788267.mp3,Ăn quen bén mùi tên trộm trở lại nên bị bắt,am quên bén mùiđên trồng trở lại nên bị bắt,0.45454545454545453,0.18604651162790697,ok,
common_voice_vi_24012779.mp3,với lại đấy là cái tâm chứ cụ nào giữ được người còn sống,với lại đấy là cái tâm chứ cụ nào giữ được người còn sống,0.0,0.0,ok,
common_voice_vi_25226899.mp3,Chăm sóc được chủ của mình,chăm sóc được chủ của mình,0.0,0.0,ok,
common_voice_vi_24226603.mp3,Cái tên này nghe quen quen,cái tên này nghe quen quen,0.0,0.0,ok,
common_voice_vi_23926880.mp3,Tốn rất nhiều công sức cũng như là tiền bạc đấy,tốn rất nhiều công sức cũng như là tiền bạc đấy,0.0,0.0,ok,
common_voice_vi_25260912.mp3,Na ăn nhiều Na khỏe mạnh,na ăn nhiều na khỏe mạnh,0.0,0.0,ok,
common_voice_vi_23392036.mp3,Người đàn bà giật mình,người đạt và giật mình,0.4,0.13636363636363635,ok,
common_voice_vi_42788078.mp3,Nhà thầy a xìn đông khách lắm,nhà thay á xin nhung khát lắng,0.8571428571428571,0.3448275862068966,ok,
common_voice_vi_24121679.mp3,Apheng cũng chạy sang gọi nó đi chơi,apheng cũng chạy sang gọi nó đi chơi,0.0,0.0,ok,
common_voice_vi_24304406.mp3,Từng năm từng tháng,từng năm từng tháng,0.0,0.0,ok,
common_voice_vi_23930597.mp3,Những bài thơ thất tình hay nhất,những bài thơ thất tình hay nhất,0.0,0.0,ok,
common_voice_vi_25226577.mp3,"Trăng quầng thì hạn, trăng tán thì mưa.",trăng quầng thì hạn trăng tán thì mưa,0.0,0.0,ok,
common_voice_vi_22417055.mp3,Họp lớp sau nhiều năm Mỗi Người Một Nơi,họp lớp sau nhiều năm mỗi người một nơi,0.0,0.0,ok,
common_voice_vi_23926907.mp3,Mong con lớn khôn,mong con lớn khôn,0.0,0.0,ok,
common_voice_vi_23423362.mp3,nghe sao ồn ào,nghe sao ồn ào,0.0,0.0,ok,
common_voice_vi_24274413.mp3,Tham giàu phụ khó. tham sang phụ phần,tham giàu phụ khó tham sang phụ phần,0.0,0.0,ok,
common_voice_vi_24331658.mp3,Cho thằng con thi,cho thằng con thi,0.0,0.0,ok,
common_voice_vi_24172405.mp3,Là họa thì không tránh được,là họa thì không tránh được,0.0,0.0,ok,
common_voice_vi_24012781.mp3,tiện thể muốn nghe xem con bé còn điều gì dặn dò trăn trối,tiện thể muốn nghe xem con bé còn điều gì dặn dò trăng trối,0.07142857142857142,0.017241379310344827,ok,
common_voice_vi_21833286.mp3,Hay là thôi đường ai nấy bước,hay là thôi đường ai nấy bước,0.0,0.0,ok,
common_voice_vi_22416756.mp3,Ôi! tình mẫu tử.,ôi tình mẫu tử,0.0,0.0,ok,
common_voice_vi_24124205.mp3,Em cũng đã giúp đỡ gia đình anh rất nhiều chuyện,em cũng đã giúp đỡ gia đình anh rất nhiều chuyện,0.0,0.0,ok,
common_voice_vi_27658262.mp3,Tháng mười về heo may cứ ung dung,tháng mười về heo mây cứ ung dơ,0.25,0.12121212121212122,ok,
common_voice_vi_24124581.mp3,mẹ tôi là một bác sĩ,mẹ tôi là một bác sĩ,0.0,0.0,ok,
common_voice_vi_23930734.mp3,"Chưa đỗ ông nghè đã đe hàng xóm: người hống hách, phách lối",chưa đổ ông nghè đã đe hàng xóm người hóng hách phách lối,0.15384615384615385,0.03508771929824561,ok,
common_voice_vi_24124201.mp3,"Thôi tất cả thu dọn, chuẩn bị lên đường",thôi tất cả thu dọn chuẩn bị lên đường,0.0,0.0,ok,
common_voice_vi_24122246.mp3,Hà ni phải bật cười,hà ni phải bật cười,0.0,0.0,ok,
common_voice_vi_24363059.mp3,Chính là Trinh,chính là trinh,0.0,0.0,ok,
common_voice_vi_24467826.mp3,"Cố gắng nhìn vào màn đêm đen đặc, bao trùm lên tất cả",cố gắng nhìn vào màn đêm đen đặc bao trùm lên tất cả,0.0,0.0,ok,
common_voice_vi_25092692.mp3,Và tương lai ít ra cũng ngọt ngào.,và tương lai ít ra cũng ngọt ngào,0.0,0.0,ok,
common_voice_vi_25267963.mp3,em liền nói,em liền nói,0.0,0.0,ok,
common_voice_vi_43303957.mp3,Mấy anh nớ nói chuyện bà nhẻm khi gặp gái,mấy anh nói nớ nói chuyện bà nhẹm khi gặp gái,0.2,0.12195121951219512,ok,
common_voice_vi_24142097.mp3,Không nhìn vào mắt sâu?,không nhìn vào mắt sâu,0.0,0.0,ok,
common_voice_vi_24425855.mp3,Chỉ vô tình mà thôi,chỉ vô tình mà thôi,0.0,0.0,ok,
common_voice_vi_24467769.mp3,Cũng như của quân chồng của Nhi,cũng như của quân chồng của nhi,0.0,0.0,ok,
common_voice_vi_23930620.mp3,Mọi người đành chờ về nhà,mọi người đành chờ về nhà,0.0,0.0,ok,
common_voice_vi_24388577.mp3,Ngắm tiếp vì sao,ngắm tiếp vì sao,0.0,0.0,ok,
common_voice_vi_43303894.mp3,Đá một cái vô bàn trôn đau điếng,đág một cái vua bàn trôn đau điến,0.375,0.125,ok,
common_voice_vi_24440336.mp3,Tiếng mõ tụng kinh vẫn còn vang lên tới điện chính,tiếng mỏ tùng kinh vẫn còn vang lên tới điện chính,0.18181818181818182,0.04,ok,
common_voice_vi_24226519.mp3,nhưng cứ ngồi nghe,nhưng cứ ngồi nghe,0.0,0.0,ok,
common_voice_vi_24467890.mp3,Lúc đó sẽ giải quyết được cái cảnh chán chông của mày bây giờ,lúc đó sẽ giải quyết được cái cạnh chán chông của mày bây giờ,0.07142857142857142,0.01639344262295082,ok,
common_voice_vi_24106460.mp3,Mấy ngày nay cũng đã mệt mỏi nhiều rồi,mấy ngày nay cũng đã mệt mỏi nhiều rồi,0.0,0.0,ok,
common_voice_vi_25261686.mp3,Một khi đã liên kết với nó,một khi đã liên kết với nó,0.0,0.0,ok,
common_voice_vi_24255723.mp3,mọi chuyện đột ngột quá,mọi chuyện đột ngột quá,0.0,0.0,ok,
common_voice_vi_23423389.mp3,là một tấm gương.,là một tấm gương,0.0,0.0,ok,
common_voice_vi_38569181.mp3,hơi nuối tiếc bởi hôm nay,hôi núu tiếc bởi hôm nay,0.3333333333333333,0.16,ok,
common_voice_vi_24106265.mp3,Còn quân để quay lại rồi nói,còn quân để quay lại rồi nói,0.0,0.0,ok,
common_voice_vi_24124535.mp3,Bề ngoài xem ra có vẻ chậm chạp,bề ngoài xem đã có vẻ chậm chạp,0.125,0.06451612903225806,ok,
common_voice_vi_42788418.mp3,Ăn dín dín để dành cơm cho đứa ở,ăn nêm cín để danh cơm cho đợc ở,0.4444444444444444,0.21875,ok,
common_voice_vi_24455901.mp3,Anh không được rời cái bông hoa này,anh không được rời cái bông hoa này,0.0,0.0,ok,
common_voice_vi_42788044.mp3,Tao kể cho mày biết giấc mơ của tao đâu,tao kền cho mày biệt nhếc mơn của tao đâu,0.4,0.1794871794871795,ok,
common_voice_vi_24121724.mp3,bố em liền nói,bố em liền nói,0.0,0.0,ok,
common_voice_vi_24012807.mp3,Khéo lại là tàn tật cả đời,khéo lại là tàn tật cả đời,0.0,0.0,ok,
common_voice_vi_25132773.mp3,Trăm hay không bằng tay quen.,trăm hay không bằng tai quen,0.16666666666666666,0.03571428571428571,ok,
common_voice_vi_23667731.mp3,Tầm một tuần ở đây thôi,tầm một tuần ở đây thôi,0.0,0.0,ok,
common_voice_vi_24125618.mp3,A hồi cảm thấy mình dễ chịu dường nào,a hồi cảm thấy mình dễ chịu dường nào,0.0,0.0,ok,
common_voice_vi_23932987.mp3,"Yêu nhau xa cũng nên gần, ghét nhau cách một bàn chân cũng lìa",yêu nhau xa cũng nên gần ghét nhau cách một bàn chân cũng lìa,0.0,0.0,ok,
common_voice_vi_22750202.mp3,Bà tâm đau khổ nhìn con rồi lắc đầu,mà tăm đau khó nhìn con rồi lắc đầu,0.3333333333333333,0.08571428571428572,ok,
common_voice_vi_24425716.mp3,Nhận bao khó nhọc,nhận bao khó nhọc,0.0,0.0,ok,
common_voice_vi_24388770.mp3,Là của mùa thu cũ,là của mùa thu cũ,0.0,0.0,ok,
common_voice_vi_23926716.mp3,Phía trên bàn thờ chính giữa,phía trên bàn thờ chính giữa,0.0,0.0,ok,
common_voice_vi_25132225.mp3,Cao lên mỗi ngày.,cao lên mỗi ngày,0.0,0.0,ok,
common_voice_vi_24124176.mp3,Ông liệu mà vừa phải thôi không có khéo,ông liệu mà vừa phải thôi không có khéo,0.0,0.0,ok,
common_voice_vi_28551675.mp3,Cứ ở trong nhà mà nghĩ về Quân khiến Trinh chẳng làm được gì,cửa trong nhà mà nghĩ về quân khiến trinh chẳng làm được gì,0.14285714285714285,0.05,ok,
common_voice_vi_24455743.mp3,Có điều tôi nhắc các vị,có điều tôi nhắc các vị,0.0,0.0,ok,
common_voice_vi_23926717.mp3,Đừng có mà chỉ lung tung Còn tao không có thích đâu,đừng có mà chỉ lung tung còn tao không có thích đâu,0.0,0.0,ok,
common_voice_vi_42788083.mp3,Ăn ba hột dằn bụng rồi di,hắng bà hột dan bồn rồi gi,0.7142857142857143,0.32,ok,
common_voice_vi_23930786.mp3,Dẫu mỗi chiếc ở một bên phải trái,dẫu mỗi chiếc ở một bên phải trái,0.0,0.0,ok,
common_voice_vi_23901300.mp3,Con sợ lắm,con sợ lắm,0.0,0.0,ok,
common_voice_vi_24456152.mp3,còn người thì chắc là đưa đi rồi,còn người thì chắc là đưa đi rồi,0.0,0.0,ok,
common_voice_vi_24171871.mp3,Tâm hòa chìm kết quả đến say mê...,tâm hòa chìm kết quả đến say mê,0.0,0.0,ok,
common_voice_vi_23930602.mp3,Cô bé bị bệnh thập tử nhất,cô bé bị bệnh thập tử nhất,0.0,0.0,ok,
common_voice_vi_23926926.mp3,Nói không tin thì không phải,nói không tin thì không phải,0.0,0.0,ok,
common_voice_vi_23926787.mp3,Và phải nhớ kỹ là không bao giờ được bỏ bê nó,và phải nhớ kỹ là không bao giờ được bỏ bê nó,0.0,0.0,ok,
common_voice_vi_24298084.mp3,Còn được mấy rất nhiều bánh kẹo,còn được mấy rất nhều bánh kẹo,0.14285714285714285,0.03225806451612903,ok,
common_voice_vi_23423364.mp3,Những bài thơ hay về các loài cây cho bé mầm non,những bài thứ hay vì các loài cây cho bé mầng non,0.25,0.08333333333333333,ok,
common_voice_vi_28540797.mp3,Tháng mười qua theo tờ lịch dần rơi,tháng mười qua theo tờ lịch dần rơi,0.0,0.0,ok,
common_voice_vi_24124164.mp3,Nhìn vào bên trong hả hơi giật mình,nhìn vào bên trong hả hơi giật mình,0.0,0.0,ok,
common_voice_vi_25267693.mp3,mẹ lấy một chiếc khăn mát ốp lên mặt,mẹ lấy một chiếc khăn mắt ốt lên mặt,0.2222222222222222,0.05555555555555555,ok,
common_voice_vi_23988890.mp3,Hay Cái Thảo nó giữ hả bố,hay cái thảo nó giữ hả bố,0.0,0.0,ok,
common_voice_vi_24144113.mp3,Chinh thay váy ngủ rồi đi sang phòng thờ,chinh thay vấy ngủ rồi đi sang phòng thờ,0.1111111111111111,0.025,ok,
common_voice_vi_25226524.mp3,Lúc đó sẽ giải quyết được cái cảnh chán chông của mày bây giờ,lúc đó sẽ giải quyết được cái cảnh chán trông của mày bây giờ,0.07142857142857142,0.03278688524590164,ok,
common_voice_vi_24124231.mp3,Đến giờ cho con ăn rồi mày ngồi đây đợi tao một lát nhá,đến giờ cho con ăn rồi mày ngồi đây đợi tao một lát nhá,0.0,0.0,ok,
common_voice_vi_24121617.mp3,Đôi Bàn Tay của Cô khẽ vuốt cái bình thủy tinh thủy rồi nói,đôi bàn tay của cô khẽ vuốt cái bình thủy tinh thủy rồi nói,0.0,0.0,ok,
common_voice_vi_24121529.mp3,Tiếp tục theo bước chân của Hà đi sang phòng bên cạnh,tiếp tục theo bước chân của hà đi sang phòng bên cạnh,0.0,0.0,ok,
common_voice_vi_23933078.mp3,Anh ngỏ lời yêu em,anh ngõ lời yêu em,0.2,0.05555555555555555,ok,
common_voice_vi_42788694.mp3,Hà khẽ rùng mình trước câu hỏi của Chinh,hà khẽ rung minh trữa câu hội của chinh,0.4444444444444444,0.15,ok,
common_voice_vi_41912733.mp3,Nhưng anh chàng đã kịp phóng qua hàng rào,nhưng anh chàng đã kịp phóng qua hàng rào,0.0,0.0,ok,
common_voice_vi_23925114.mp3,Nghe truyện thật là thú vị xin chân thành cảm ơn,nghe truyện thật là thú vị xin chân thành cảm ơn,0.0,0.0,ok,
common_voice_vi_30946618.mp3,Vợ tôi cũng bị một chiếc xe như vậy,bộa tôi cũng bị mua chiếc xeng như vậy,0.3333333333333333,0.2,ok,
common_voice_vi_24012742.mp3,em tính chạy xuống giường ra ngoài xem mẹ đi đâu,em tính chạy xuống giường ra ngoài xem mẹ đi đâu,0.0,0.0,ok,
common_voice_vi_25154521.mp3,Cách đó vài tháng,cách đó vài tháng,0.0,0.0,ok,
common_voice_vi_25217933.mp3,Tiếp tục theo bước chân của Hà đi sang phòng bên cạnh,tiếp tục theo bước chân của hà đi sang phòng bến cạnh,0.08333333333333333,0.018867924528301886,ok,
common_voice_vi_24304475.mp3,Mày mà bỏ tao thì tao biết phải làm sao,mày mà bỏ tao thì tao biết phải làm sao,0.0,0.0,ok,
common_voice_vi_24298814.mp3,Trống làng nào làng ấy đánh.,trống làng nào làng ấy đánh,0.0,0.0,ok,
common_voice_vi_25154510.mp3,Họ cùng cười nói vui vẻ,họ cùng cười nói vui vẻ,0.0,0.0,ok,
common_voice_vi_24331618.mp3,"Một mùa thu trước, mỗi hoàng hôn",một mùa thu trước mỗi hoàng hôn,0.0,0.0,ok,
common_voice_vi_24318080.mp3,Anh ở lại đây với em đi một đêm thôi cũng được,anh ở lại đây với em đi một đêm thôi cũng được,0.0,0.0,ok,
common_voice_vi_24142043.mp3,Điện ảnh,điện ảnh,0.0,0.0,ok,
common_voice_vi_30237205.mp3,Nhớ hai ta và mối tình ngày ấy,nhớ hai ta và mối tình ngày ấy,0.0,0.0,ok,
common_voice_vi_27640660.mp3,Nếu không đưa anh ta lên thì đừng hòng sống với tao,nếu không đưa anh ta lên thì đừng hồng sống nhới tao,0.16666666666666666,0.058823529411764705,ok,
common_voice_vi_24455792.mp3,Làm cho em tỉnh,làm cho em tỉnh,0.0,0.0,ok,
common_voice_vi_23926816.mp3,In bóng nhau vờn luân điệu vũ,in bóng nhau vờn luân điệu vũ,0.0,0.0,ok,
common_voice_vi_24012732.mp3,Nhiều hoa vắng mặt,nhiều hoa vắng mặt,0.0,0.0,ok,
common_voice_vi_31450094.mp3,Để mùa Thu giận dỗi thoáng mưa buồn!,để bùa thu dận dỗi thoáng mưa buồn,0.25,0.08571428571428572,ok,
common_voice_vi_24122212.mp3,"Em xích gần thêm một chút, anh hờn",em xích gần thêm một chút anh hờn,0.0,0.0,ok,
common_voice_vi_24142512.mp3,Anh đã,anh đã,0.0,0.0,ok,
common_voice_vi_24172455.mp3,Đối với anh Cuộc sống lúc này đây không còn ý nghĩa gì nữa,đối với anh cuộc sống lúc này đây không còn ý nghĩa gì nữa,0.0,0.0,ok,
common_voice_vi_42788137.mp3,Hoàng thượng ân tứ cho người có công mười lạng vàng,hoàng thường ắn tử trong người gọt công mười làng vàng,0.5454545454545454,0.21568627450980393,ok,
common_voice_vi_25132366.mp3,Cô bé bị bệnh thập tử nhất,cô bé bị bệnh thập tử nhất,0.0,0.0,ok,
common_voice_vi_23926843.mp3,Tao với mày chơi với nhau từ hồi còn mẫu giáo tới giờ,tao với mày chơi với nhau từ hồi còn mẫu giáo tới giờ,0.0,0.0,ok,
common_voice_vi_27768856.mp3,Tháng mười một chiếc khăn như bóng rợp,tháng mười một chiếc khăn như bóng rộp,0.125,0.02631578947368421,ok,
common_voice_vi_21833307.mp3,Đúng rồi Gần đây tôi thấy có gì đó lạ lắm,đúng rồi gần đây tôi thấy có gì đó lạ lắm,0.0,0.0,ok,
common_voice_vi_24124571.mp3,Chinh cũng lái xe cho đến quân không được cô về,thinh cũng lái xe cho đến quân không được cô về,0.09090909090909091,0.02127659574468085,ok,
common_voice_vi_22402411.mp3,Nó còn bảo là hôm nay nó muốn con đưa đi chơi cùng,nó còn bảo là hôm nay nó muốn con đưa đi chơi cùng,0.0,0.0,ok,
common_voice_vi_23989267.mp3,Cô cũng Không Cảm nhận được nó đang ở bên cạnh mình không nữa,cô cũng không cảm nhận được nó đang ở bên cạnh mình không nữa,0.0,0.0,ok,
common_voice_vi_22493635.mp3,Như mẹ chúng ta,như mẹ chúng ta,0.0,0.0,ok,
common_voice_vi_24255751.mp3,Mày đừng về tìm tao nữa có được,mày đừng về tìm tao nữa có được,0.0,0.0,ok,
common_voice_vi_24467922.mp3,Sao Cái Thảo nó không về nhà mà cứ ở đó hả bà,sao cái thảo nó không về nhà mà cứ ở đó hả bà,0.0,0.0,ok,
common_voice_vi_24174282.mp3,Tội gót chân qua,tội gót chân qua,0.0,0.0,ok,
common_voice_vi_23926695.mp3,rồi kiểm tra người em xem có bị thương gì không,rồi kiểm tra người em xem có bị thương gì không,0.0,0.0,ok,
common_voice_vi_27618803.mp3,Tháng mười tháng mười đấy.,tháng mười tháng mười đấy,0.0,0.0,ok,
common_voice_vi_25132891.mp3,Vậy là chuyện bà ấy nói là không có thật,vậy là chuyện bà ấy nói là không có thật,0.0,0.0,ok,
common_voice_vi_24274647.mp3,Nên tuy thương tích khá nhiều khắp người,nên tuy thương tích khá nhiều khắp người,0.0,0.0,ok,
common_voice_vi_24363037.mp3,Ai có duyên thì gặp bà chứ không tìm khách,ai có duyên thì gặp bà chứ không tìm khách,0.0,0.0,ok,
common_voice_vi_27152894.mp3,Cùng lắm là Thảo ông Thần Tài,cùng nắm là thao ông thần tài,0.2857142857142857,0.06896551724137931,ok,
common_voice_vi_31450124.mp3,"Sáng ngày mai, tuổi mới thật bình an.",sáng ngày mai tuủi mới thật bình an,0.125,0.02857142857142857,ok,
common_voice_vi_25092700.mp3,Quái quỷ sao nó lại vội như là ma đuổi thế chứ,quai quỷ sao mó lại vội như là ma đuồi thế chứ,0.25,0.06521739130434782,ok,
common_voice_vi_25132316.mp3,thật à thế thì đúng rồi,thật cà thế thì đúng rồi,0.16666666666666666,0.043478260869565216,ok,
common_voice_vi_23926810.mp3,Cánh cửa phòng mở ra,cánh cửa phòng mở ra,0.0,0.0,ok,
common_voice_vi_42787933.mp3,Ngồi ăn chơi anh! Mời anh ăn cho vui,ngồi ăn ke an nười ănnăn cho vui,0.5555555555555556,0.2857142857142857,ok,
common_voice_vi_25157829.mp3,Ra đến chỗ để xe thì Phương chép miệng,ra đến chỗ để xe thì phương chép miệng,0.0,0.0,ok,
common_voice_vi_24425696.mp3,thì chủ nhân của Kuman sẽ có một câu thần chú,thì chủ nhân của kuman sẽ có một câu thần chú,0.0,0.0,ok,
common_voice_vi_25226495.mp3,Mỗi khi ra về,mỗi khi ra về,0.0,0.0,ok,
common_voice_vi_24171758.mp3,Lập tức có tiếng trả lời,lập tức có tiếng trả lời,0.0,0.0,ok,
common_voice_vi_40191803.mp3,Anh chàng kia phải rồ máy xe,anh kèng kia phải rồa mấy xe,0.42857142857142855,0.17857142857142858,ok,
common_voice_vi_28370456.mp3,Tiếng rơi quay quắt rã rời,tiếng rơi que quắt dã rời,0.3333333333333333,0.11538461538461539,ok,
common_voice_vi_25950280.mp3,Người lữ khách lan man đầy bối rối,người nữ khách lan man đầy bối rối,0.125,0.029411764705882353,ok,
common_voice_vi_24388764.mp3,Mẹ gạt phần cơm,mẹ gạt phần cơm,0.0,0.0,ok,
common_voice_vi_24455888.mp3,Dứt lời Hà mở cửa bước ra bên ngoài,dứt lời hà mở cửa bước ra bên ngoài,0.0,0.0,ok,
common_voice_vi_31450155.mp3,Như mơ về mẹ,nhưng mơ về mà,0.5,0.25,ok,
common_voice_vi_21833315.mp3,Cô ngượng ngùng nhìn phong,cô ngượng ngùng nhìn phong,0.0,0.0,ok,
common_voice_vi_24363083.mp3,Tôi nhớ lời người đã bảo tôi,tôi nhớ lời người đã bảo tôi,0.0,0.0,ok,
common_voice_vi_24125485.mp3,Thảo quyết định không quay lại,thảo quyết định không quay lại,0.0,0.0,ok,
common_voice_vi_24226620.mp3,Con ơi con khổ quá,con ơi con khổ quá,0.0,0.0,ok,
common_voice_vi_28551807.mp3,Tháng mười thu rải lối đi,tháng mười thu rải lối đi,0.0,0.0,ok,
common_voice_vi_42788888.mp3,"Khi bị bệnh cao mạch máu, phải ăn cử thịt",khi vị bình cão mặt mẫu phải ăn cử thịt,0.5,0.175,ok,
common_voice_vi_23988651.mp3,Cậu bạn liền trả lời,cậu bạn liền trả lời,0.0,0.0,ok,
common_voice_vi_23926752.mp3,Âm nhạc,âm nhạc,0.0,0.0,ok,
common_voice_vi_36966197.mp3,Bố em nhìn đồng hồ lúc ấy là hơn mười hai giờ,bố em nhìn đồng hồ lúc ấy là hơn mười ha giờ,0.08333333333333333,0.022222222222222223,ok,
common_voice_vi_25158270.mp3,Cô ngừng lại không dám nói tiếp,cô ngừng lại không dám nói tiếp,0.0,0.0,ok,
common_voice_vi_42788394.mp3,Chịu đựng Những cái trò tinh nghịch của nó,chù đình nhận khiệt ro tến nhiệt của đó,0.8888888888888888,0.42857142857142855,ok,
common_voice_vi_26979542.mp3,Chút sắc vàng óng ả chẳng còn đâu!,chút sắp vàng óng achẳng còn đâu,0.375,0.09090909090909091,ok,
common_voice_vi_31450107.mp3,Tóc mẹ bạc trắng,tóc mẹ bạc căng,0.25,0.1875,ok,
common_voice_vi_24358776.mp3,Điều này càng làm cho Trinh cảm thấy khao khát hơn,điều này càng làm cho trinh cảm thấy khao khát hơn,0.0,0.0,ok,
common_voice_vi_42788420.mp3,Cô liền rên lên khe khẽ,cô liền lên lên khe khẻ,0.3333333333333333,0.08695652173913043,ok,
common_voice_vi_24121916.mp3,Nó lại lủi thủi đi về nhà,nó lại lủi thủi đi về nhà,0.0,0.0,ok,
common_voice_vi_24331626.mp3,Mẹ Thảo liền Nói ngay,mẹ thảo liền nói ngay,0.0,0.0,ok,
common_voice_vi_27716267.mp3,Nỗi buồn về trên những bước chân êm,nói buồn về trên những bước chân êm,0.125,0.02857142857142857,ok,
common_voice_vi_24152648.mp3,Đóng cửa sổ hành lang lại cẩn thận,đóng cửa sổ hành lang lại cẩn thận,0.0,0.0,ok,
common_voice_vi_24280770.mp3,Quân không thấy gì cả,quân không thấy gì cả,0.0,0.0,ok,
common_voice_vi_25132651.mp3,Mọi thứ nước trong nhà đều dựa vào con sông ngay sau bản,mọi thứ nước trong nhà đều dựa vào con sông ngay sau bản,0.0,0.0,ok,
common_voice_vi_23392987.mp3,Gió thổi từng cơn làm tán lá khẽ đung đưa,gió thổi tự cơn làm tán ná khẽ đung đưa,0.2,0.0975609756097561,ok,
common_voice_vi_24012800.mp3,Lúc nửa đêm tự nhiên cửa bị bật ra,lúc nửa đêm tự nhiên cửa bị bật ra,0.0,0.0,ok,
common_voice_vi_24274362.mp3,Chỉ đưa mắt nhìn qua khách lạ vào quán,chỉ đưa mắt nhìn qua khách lạ vào quán,0.0,0.0,ok,
common_voice_vi_25267850.mp3,em và mấy cô người nhà của thảo ngồi xung quanh,em và mấy cô người nhà của thảo ngồi xun quan,0.18181818181818182,0.0425531914893617,ok,
common_voice_vi_23925108.mp3,Sao như vậy được,sao như vậy được,0.0,0.0,ok,
common_voice_vi_23932955.mp3,chúa lòng lành,chúa lòng lành,0.0,0.0,ok,
common_voice_vi_42788417.mp3,Vết thương coi bộ là không có nhẹ đâu,vệ thương coi bố là không có nhà đâu,0.3333333333333333,0.10810810810810811,ok,
common_voice_vi_24012774.mp3,đang nhớ lại chuyện cũ,đang nhớ lại chuyện cũ,0.0,0.0,ok,
common_voice_vi_24425881.mp3,"Thơ, văn, tuyển tập",thơ văn tuyển tập,0.0,0.0,ok,
common_voice_vi_24106519.mp3,tôi ghét anh thằng tồi,tôi ghét anh thằng tồi,0.0,0.0,ok,
common_voice_vi_23078768.mp3,viêt nam cố lên,việt nam cố lên,0.25,0.06666666666666667,ok,
common_voice_vi_25132910.mp3,Là Hà đã thấy ngôi nhà này có gì đó không ổn,là hà đã thấy ngôi nhà này có gì đó không ổn,0.0,0.0,ok,
common_voice_vi_27709940.mp3,Mỗi người một công việc,mọi người một công việc,0.2,0.043478260869565216,ok,
common_voice_vi_24125634.mp3,Trinh Cười rồi nói,trinh cười rồi nói,0.0,0.0,ok,
common_voice_vi_24362907.mp3,Nhìn nó đáng sợ lắm,nhìn nó đáng sợ lắm,0.0,0.0,ok,
common_voice_vi_23690373.mp3,Na ngoan của mẹ,na ngoang của mẹ,0.25,0.06666666666666667,ok,
common_voice_vi_23380405.mp3,Đến bố mẹ còn chẳng nhận ra cháu ạ,đến bố mẹ còn chẳng nhận ra cháu ạanh,0.1111111111111111,0.08823529411764706,ok,
common_voice_vi_24106352.mp3,ở một số đền thờ và chùa ở Việt Nam,ở một số đền thờ và chùa ở việt nam,0.0,0.0,ok,
common_voice_vi_24172612.mp3,Nên muộn mới xong,nên muộn mới xong,0.0,0.0,ok,
common_voice_vi_42788785.mp3,Phải,phải,0.0,0.0,ok,
common_voice_vi_25132895.mp3,Như vậy là sao,như vậy là sao,0.0,0.0,ok,
common_voice_vi_23734632.mp3,Tôi muốn mùi thơm của nước hoa,tôi muốn mùi thơm của nước qua,0.14285714285714285,0.06666666666666667,ok,
common_voice_vi_42787967.mp3,lại thấy thương tình nên mới mở lời giúp đỡ,lại thãy thướng tinh nên mời đi m lời giúp được,0.7,0.2558139534883721,ok,
common_voice_vi_24088085.mp3,Ơi mẹ... Mẹ ơi!,ơi mẹ mẹ ơi,0.0,0.0,ok,
common_voice_vi_42788015.mp3,Dường như con bé vừa trải qua một điều gì đó khủng khiếp lắm,dân như con bẻ vừa trệt quá một điều gì nổ không khịp lắm,0.5,0.2,ok,
common_voice_vi_24425842.mp3,Chắc là gió thổi mạnh nên là mày lạnh đấy,chắc là gió thổi mạnh nên là mày lạnh đấy,0.0,0.0,ok,
common_voice_vi_24388606.mp3,bà ấylắc đầu nói,bà ấy lắc đầu nói,0.5,0.0625,ok,
common_voice_vi_24362805.mp3,à không Không có gì,à không không có gì,0.0,0.0,ok,
common_voice_vi_25226551.mp3,Chinh không còn sợ chết nữa,trinh không còn sợ chết đữa,0.3333333333333333,0.1111111111111111,ok,
common_voice_vi_23078834.mp3,Cái Thảo nó đi rồi,cái thảo nó đi rồi,0.0,0.0,ok,
common_voice_vi_24106395.mp3,Sợ nếu bé không thoát được sẽ thành âm binh,sợ nếu bé không thoát được sẽ thành âm binh,0.0,0.0,ok,
common_voice_vi_24425947.mp3,Có điều là thấy không gọi cho được chuyện gì,có điều là thấy không gọi cho được chuyện gì,0.0,0.0,ok,
common_voice_vi_42788080.mp3,bà ấy liền nói,bà ấy liền nói,0.0,0.0,ok,
common_voice_vi_24398393.mp3,vậy bà cho tôi biết chuyện gì đã xảy ra được không,vậy bà cho tôi biết chuyện gì đã xảy ra được không,0.0,0.0,ok,
common_voice_vi_24012783.mp3,Chưa kể đến việc nó đã trở nên mạnh hơn trước,chưa kể đến việc nó đã trở nên mạnh hơn trước,0.0,0.0,ok,
common_voice_vi_21882263.mp3,nô en vui vẻ,nô em vui vẻ,0.25,0.08333333333333333,ok,
common_voice_vi_24125466.mp3,Ảnh hưởng của Hồ Chí Minh ở Việt Nam ngày nay,ảnh hưởng của hồ chí minh ở việt nam ngày nay,0.0,0.0,ok,
common_voice_vi_24125685.mp3,Khi đến đây tất cả chỉ là đống hoang tàn,khi đến đây tất cả chỉ là đóng hoang tàn,0.1,0.025,ok,
common_voice_vi_24425844.mp3,"Có ba chiếc giường, bàn ghế tất cả đều rất đầy đủ",có ba chiếc giường bàn ghế tất cả đều rất đầy đủ,0.0,0.0,ok,
common_voice_vi_42788247.mp3,Vậy là Trinh đã nuôi được kuman khoảng một năm rưỡi,vậy là tinh là nỗi được kuma khoảng một năm rưởi,0.45454545454545453,0.13725490196078433,ok,
common_voice_vi_24440201.mp3,"Xấu hay làm tốt, dốt hay nói chữ",xấu hay làm tốt rốt hay nói chữ,0.125,0.03225806451612903,ok,
common_voice_vi_25301735.mp3,Thực sự thì chúng tôi có đi xem thầy rồi,thực sự thì chúng tôi có đi xem thầy rồi,0.0,0.0,ok,
common_voice_vi_25154582.mp3,Giờ còn ma quỷ ám cái gì nữa,giờ còn ma quỳ ám cái gì nữa,0.125,0.03571428571428571,ok,
common_voice_vi_24142096.mp3,Bà chị em chết lúc nhỏ mà thiêng lắm,bà chị em chết lúc nhỏ mà thiêng lắm,0.0,0.0,ok,
common_voice_vi_23930733.mp3,Một lần nữa ngơ ngác nhìn xung quanh rồi lẩm bẩm,một lần nữa ngơ ngát nhìn xung quanh rồi lẩm bẩm,0.09090909090909091,0.020833333333333332,ok,
common_voice_vi_25154483.mp3,Để cho anh tới dạt dào bên Em,để cho anh tới giặt dào bên em,0.125,0.10344827586206896,ok,
common_voice_vi_23926868.mp3,Những chuyện đó Trinh không hề biết,những chuyện đó trinh không hề biết,0.0,0.0,ok,
common_voice_vi_23933011.mp3,Không chỉ có như vậy,không chỉ có như vậy,0.0,0.0,ok,
common_voice_vi_24125462.mp3,Người nhà tao nói thế cho nên là lập miếu để thờ,người nhà tao nói thế cho nên là lập míu để thờ,0.08333333333333333,0.041666666666666664,ok,
common_voice_vi_23745303.mp3,con bé còn thông minh nhanh nhẹn hơn trước đúng không,còn bé còn thông minh nhanh nhẹn hơn trước đúng không,0.09090909090909091,0.018867924528301886,ok,
common_voice_vi_24362991.mp3,Tuổi theo mùa đi mãi,tuổi theo mùa đi mãi,0.0,0.0,ok,
common_voice_vi_25226158.mp3,Thơ tình ngày không anh,thơ tình ngày không anh,0.0,0.0,ok,
common_voice_vi_25261158.mp3,gọi một hồi xong em không nghe thấy tiếng gọi đâu nữa,gọi một hồi xong em không nghe thấy tiếng gọi đâu nữa,0.0,0.0,ok,
common_voice_vi_24358659.mp3,sự sống,sự sống,0.0,0.0,ok,
common_voice_vi_24122582.mp3,Con đây,con đây,0.0,0.0,ok,
common_voice_vi_24470401.mp3,hơn nữa bà ấy cũng có nói lấy tiền của nhà mình đâu,hơn nữa bà ấy cũng có nói lấy tiền của nhà mình đâu,0.0,0.0,ok,
common_voice_vi_23926699.mp3,Vẫn là cái thảo đang đứng ở đó,vẫn là cái thảo đang đứng ở đó,0.0,0.0,ok,
common_voice_vi_24358790.mp3,Song trai ra hiệu cho trinh cần phải bình tĩnh song trai liền nói,xong trai ra hiểu cho trinh cần phải binh tĩnh song trai liền nói,0.21428571428571427,0.046153846153846156,ok,
common_voice_vi_23733702.mp3,"Nó kìa, nó kìa",nó kìa nó kìa,0.0,0.0,ok,
common_voice_vi_24467875.mp3,Sau khi làm xong,sau khi làm xong,0.0,0.0,ok,
common_voice_vi_25132898.mp3,Tôi nghe xong thì cảm ơn rối rít,tôi nghe xong thì cảm ơn rối rít,0.0,0.0,ok,
common_voice_vi_24125745.mp3,Một ngày mưa to,một ngày mưa to,0.0,0.0,ok,
common_voice_vi_24363007.mp3,Dù là đang thủ dâm,dù là đang thủ dâm,0.0,0.0,ok,
common_voice_vi_27640048.mp3,Cô gái dương mắt nhìn khách như không hiểu,cô gái dương mắt nhìn khách như không hiểu,0.0,0.0,ok,
common_voice_vi_42723064.mp3,Mẹ ơi em an,mẹ ơi em am,0.25,0.09090909090909091,ok,
common_voice_vi_24142472.mp3,Phút gần gũi cũng như giờ chia biệt,phút gần gũi cũng như giờ chia biệt,0.0,0.0,ok,
common_voice_vi_24358775.mp3,Quan trọng là mọi người phải đồng tâm,quan trọng là mọi người phải đồng tâm,0.0,0.0,ok,
common_voice_vi_23926800.mp3,Đúng là chúng ta đã đi xem thầy rồi,đúng là chúng ta đã đi xem thầy rồi,0.0,0.0,ok,
common_voice_vi_24388674.mp3,Phương liền nói bằng giọng hốt hoảng,phương liền nói bằng giọng hốt hoảng,0.0,0.0,ok,
common_voice_vi_23848898.mp3,Tất cả đều nhìn xung quanh phòng nhưng không thấy gì cả,tất cả điều nhìn xung quanh phòng nhưng không thấy gì cả,0.08333333333333333,0.01818181818181818,ok,
common_voice_vi_25226113.mp3,Từng ngày từng ngày,từng ngày từng ngày,0.0,0.0,ok,
common_voice_vi_25245131.mp3,Nhanh như cắt,nhanh như cắt,0.0,0.0,ok,
common_voice_vi_42788777.mp3,Rồi quay người đi thẳng,rồi quay người đi thẳng,0.0,0.0,ok,
common_voice_vi_23936361.mp3,Uổng công tao coi Mày là bạn thân,uộng công tao côi mày là bạn thân,0.25,0.06060606060606061,ok,
common_voice_vi_25226444.mp3,Con chịu khó cầm cái viên đá này cho mẹ yên tâm,con chịu khó cầm cái viên đá này cho mẹ ên tâm,0.08333333333333333,0.02127659574468085,ok,
common_voice_vi_25722012.mp3,Bao tháng mười anh vẫn còn nhớ mãi,bao tháng mười anh vẫn còn nhớ mãi,0.0,0.0,ok,
common_voice_vi_42788246.mp3,Ông Khanh dậy muộn nhất,hông khăn dày ngồn nhất,0.8,0.30434782608695654,ok,
common_voice_vi_42788696.mp3,Hết thật rồi Cậu giỏi quá,hệ tức rồi câu gời quá,0.6666666666666666,0.32,ok,
common_voice_vi_24162788.mp3,vậy bọn tao đi trước nhé hôm lại ngồi,vậy bọn tao đi trước nhé hôm lại ngồi,0.0,0.0,ok,
common_voice_vi_23848896.mp3,Quan trọng hơn,quan trọng hơn,0.0,0.0,ok,
common_voice_vi_24455845.mp3,là bà ấy cũng về cản không cho đi,là bà ấy cũng về cản không cho đi,0.0,0.0,ok,
common_voice_vi_24298868.mp3,Na ngoan lắm,na ngoan lắm,0.0,0.0,ok,
common_voice_vi_24125775.mp3,Tôi sẽ cố gắng tìm hiểu xem con quỷ đó là ai,tôi sẽ cố gắng tìm hiểu xem con quỷ đó là ai,0.0,0.0,ok,
common_voice_vi_25226578.mp3,Xa mặt cách lòng,xa mặt cách lòng,0.0,0.0,ok,
common_voice_vi_25112243.mp3,Cùng bạn đùa vui.,cùng bạn đùa vui,0.0,0.0,ok,
common_voice_vi_24396559.mp3,Mơ màng như thật mà không biết đâu mà lần cả,mơ màng như thật mà không biết đâu mà lần cả,0.0,0.0,ok,
common_voice_vi_23380409.mp3,Để cùng tiến tới,để cùng tiến tới,0.0,0.0,ok,
common_voice_vi_25225931.mp3,Chị nghĩ rằng thà cho tên trộm lấy hết đồ đạc cũng được,chị nghi rằng thà cho tên trộm lấy hết đồ đạc cũng được,0.07692307692307693,0.01818181818181818,ok,
common_voice_vi_25226325.mp3,Thế này phải tìm thầy Cao tay hơn,thế này phải tìm thầy cao tay hơn,0.0,0.0,ok,
common_voice_vi_25226521.mp3,Cây cối xanh tươi,cây cố xanh tươi,0.25,0.058823529411764705,ok,
common_voice_vi_37865602.mp3,Danh hiệu,danh hiệu,0.0,0.0,ok,
common_voice_vi_24388781.mp3,Được rồi mày không thích tao nhìn mặt thì tao đi về đây,được rồi mày không thích tao nhìn mặt thì tao đi về đây,0.0,0.0,ok,
common_voice_vi_24174284.mp3,Phương liền trả lời,phương liền trả lời,0.0,0.0,ok,
common_voice_vi_23392040.mp3,thầy bảo là có cái chuyện gì đâu,thầy bạo là có cái chuyện gì đâu,0.125,0.03125,ok,
common_voice_vi_25721785.mp3,Giai điệu tình xót xa chiều thu trắng,giai điệu tình xót xa chiều thu trắng,0.0,0.0,ok,
common_voice_vi_24125746.mp3,Chăm sóc kuman Càng tốt càng hiệu quả,chăm sóc kuman càng tốt càng hiệu quả,0.0,0.0,ok,
common_voice_vi_40249395.mp3,thật đấy bác ạ,thật đấy bác ạ,0.0,0.0,ok,
common_voice_vi_24280827.mp3,Bố con thấy cái gì đâu,bố con thấy cái gì đâu,0.0,0.0,ok,
common_voice_vi_21833255.mp3,Được rồi anh nghỉ ngơi rồi sẽ nhớ,được rồi anh nghỉ ngơi rồi sẽ nhớ,0.0,0.0,ok,
common_voice_vi_27640100.mp3,Dòng thơ mãi vẫn còn hoài dang dở,dòng thơ mãi vẫn còn hoài gian dỡ,0.25,0.12121212121212122,ok,
common_voice_vi_25132175.mp3,Some trai liền thắc mắc,xom trai liền thắc mắc,0.2,0.08695652173913043,ok,
common_voice_vi_23930782.mp3,Để cho tình đẹp đẹp hơn,để cho tình đẹp đẹp hơn,0.0,0.0,ok,
common_voice_vi_24162174.mp3,Sau đó Phương chị về phía trước miệng không ngừng hét,sau đó phương chị về phía trước miềng không ngừng hét,0.09090909090909091,0.018867924528301886,ok,
common_voice_vi_42788447.mp3,Tháng mười về,tháng mười về,0.0,0.0,ok,
common_voice_vi_23933003.mp3,Qua những cái cây cổ thụ,qua những cái cây cổ thụ,0.0,0.0,ok,
common_voice_vi_24358642.mp3,Chết ngày trước mặt con thanh nhà tôi,chết ngày trước mặt con thanh nhà tôi,0.0,0.0,ok,
common_voice_vi_23988508.mp3,Nghe xong tất cả đều đứng lên gỡ trại,nghe xong tất cả đều đứng lên gỡ trại,0.0,0.0,ok,
common_voice_vi_24106552.mp3,cái việc này là phải nhất tâm,cái việc này là phải nhất tâm,0.0,0.0,ok,
common_voice_vi_24122376.mp3,Ta thấy có những người mặc đồ tây,ta thấy có những người mặc đồ tây,0.0,0.0,ok,
common_voice_vi_42788006.mp3,Mẹ ơi em an,mẹ ơi em a,0.25,0.09090909090909091,ok,
common_voice_vi_38569201.mp3,Nói rằng mười hai giờ đêm nay,nói rằng mười hai giờ đêm nay,0.0,0.0,ok,
common_voice_vi_24362780.mp3,Chị là ai,chị là ai,0.0,0.0,ok,
common_voice_vi_24362937.mp3,bảo nó đây là viên đá thần kỳ,bảo nó đây là viên đá thần kỳ,0.0,0.0,ok,
common_voice_vi_24173167.mp3,Bỗng nhiên có một tiếng nói thì thầm vào tai của Trinh,bỗng nhiên có một tiếng nói thì thậm vào tay của trinh,0.16666666666666666,0.037037037037037035,ok,
common_voice_vi_24280776.mp3,Chạy sang đến nơi chinh hét lớn,chạy sang đến nơi chinh hét lớn,0.0,0.0,ok,
common_voice_vi_23989311.mp3,Ngay lập tức chinh bắt máy rồi nói,ngay lập tức chinh bắc máy rồi nói,0.125,0.029411764705882353,ok,
common_voice_vi_24012797.mp3,Đang khẽ vuốt ve chiếc lọ thủy tinh một cách ân cần,đang khẽ vuốt ve chiếc lọ thủy tinh một cách ân cần,0.0,0.0,ok,
